Carrier,orig_port_cd,dest_port_cd,minm_wgh_qty,max_wgh_qty,minimum cost,rate,mode_dsc
V444_6,PORT08,PORT09,250,499.99,43.23,0.71,AIR
V444_6,PORT08,PORT09,65,69.99,43.23,0.75,AIR
V444_6,PORT08,PORT09,60,64.99,43.23,0.79,AIR
V444_6,PORT08,PORT09,50,54.99,43.23,0.83,AIR
V444_6,PORT08,PORT09,35,39.99,43.23,1.06,AIR
V444_6,PORT08,PORT09,100,249.99,43.23,0.71,AIR
V444_6,PORT08,PORT09,500,1999.99,43.23,0.68,AIR
V444_6,PORT08,PORT09,55,59.99,43.23,0.83,AIR
V444_6,PORT08,PORT09,25,29.99,43.23,1.25,AIR
V444_6,PORT08,PORT09,30,34.99,43.23,1.13,AIR
V444_6,PORT08,PORT09,70,99.99,43.23,0.75,AIR
V444_6,PORT08,PORT09,10,14.99,43.23,1.83,AIR
V444_6,PORT08,PORT09,0,4.99,43.23,1.83,AIR
V444_6,PORT08,PORT09,5,9.99,43.23,1.83,AIR
V444_6,PORT08,PORT09,2000,99999.99,43.23,0.64,AIR
V444_6,PORT08,PORT09,45,49.99,43.23,0.94,AIR
V444_6,PORT08,PORT09,20,24.99,43.23,1.32,AIR
V444_6,PORT08,PORT09,40,44.99,43.23,0.98,AIR
V444_6,PORT08,PORT09,15,19.99,43.23,1.59,AIR
V444_6,PORT10,PORT09,65,69.99,43.23,0.75,AIR
V444_6,PORT10,PORT09,45,49.99,43.23,0.94,AIR
V444_6,PORT10,PORT09,50,54.99,43.23,0.83,AIR
V444_6,PORT10,PORT09,250,499.99,43.23,0.71,AIR
V444_6,PORT10,PORT09,500,1999.99,43.23,0.68,AIR
V444_6,PORT10,PORT09,100,249.99,43.23,0.71,AIR
V444_6,PORT10,PORT09,40,44.99,43.23,0.98,AIR
V444_6,PORT10,PORT09,20,24.99,43.23,1.32,AIR
V444_6,PORT10,PORT09,60,64.99,43.23,0.79,AIR
V444_6,PORT10,PORT09,35,39.99,43.23,1.06,AIR
V444_6,PORT10,PORT09,10,14.99,43.23,1.83,AIR
V444_6,PORT10,PORT09,0,4.99,43.23,1.83,AIR
V444_6,PORT10,PORT09,55,59.99,43.23,0.83,AIR
V444_6,PORT10,PORT09,30,34.99,43.23,1.13,AIR
V444_6,PORT10,PORT09,25,29.99,43.23,1.25,AIR
V444_6,PORT10,PORT09,5,9.99,43.23,1.83,AIR
V444_6,PORT10,PORT09,2000,99999.99,43.23,0.64,AIR
V444_6,PORT10,PORT09,70,99.99,43.23,0.75,AIR
V444_6,PORT10,PORT09,15,19.99,43.23,1.59,AIR
V444_8,PORT09,PORT09,500,1999.99,17.69,0.03,AIR
V444_8,PORT09,PORT09,2000,99999.99,17.69,0.03,AIR
V444_8,PORT09,PORT09,0,99.99,17.69,0.03,AIR
V444_8,PORT09,PORT09,250,499.99,17.69,0.03,AIR
V444_8,PORT09,PORT09,100,249.99,17.69,0.03,AIR
V444_8,PORT11,PORT09,0,99.99,11.11,0.1,AIR
V444_8,PORT11,PORT09,2000,99999.99,11.11,0.09,AIR
V444_8,PORT11,PORT09,250,499.99,11.11,0.09,AIR
V444_8,PORT11,PORT09,100,249.99,11.11,0.1,AIR
V444_8,PORT11,PORT09,500,1999.99,11.11,0.09,AIR
V444_8,PORT04,PORT09,100,249.99,21.47,0.06,AIR
V444_8,PORT04,PORT09,0,99.99,21.47,0.06,AIR
V444_8,PORT04,PORT09,500,1999.99,21.47,0.06,AIR
V444_8,PORT04,PORT09,250,499.99,21.47,0.06,AIR
V444_8,PORT04,PORT09,2000,99999.99,21.47,0.06,AIR
V444_9,PORT08,PORT09,5000,9999.99,231.31,0.1,AIR
V444_9,PORT08,PORT09,1000,4999.99,231.31,0.11,AIR
V444_9,PORT08,PORT09,0,499.99,231.31,0.19,AIR
V444_9,PORT08,PORT09,500,999.99,231.31,0.12,AIR
V444_9,PORT08,PORT09,10000,99999.99,231.31,0.1,AIR
V444_8,PORT02,PORT09,100,249.99,17.52,0.05,AIR
V444_8,PORT02,PORT09,0,99.99,17.52,0.05,AIR
V444_8,PORT02,PORT09,250,499.99,17.52,0.05,AIR
V444_8,PORT02,PORT09,2000,99999.99,17.52,0.05,AIR
V444_8,PORT02,PORT09,500,1999.99,17.52,0.05,AIR
V444_8,PORT03,PORT09,2000,99999.99,19.36,0.12,AIR
V444_8,PORT03,PORT09,250,499.99,19.36,0.12,AIR
V444_8,PORT03,PORT09,100,249.99,19.36,0.12,AIR
V444_8,PORT03,PORT09,500,1999.99,19.36,0.12,AIR
V444_8,PORT03,PORT09,0,99.99,19.36,0.12,AIR
V444_2,PORT11,PORT09,500,1999.99,15.23,0.08,AIR
V444_2,PORT11,PORT09,2000,99999.99,15.23,0.08,AIR
V444_2,PORT11,PORT09,0,99.99,15.23,0.19,AIR
V444_2,PORT11,PORT09,250,499.99,15.23,0.08,AIR
V444_2,PORT11,PORT09,100,249.99,15.23,0.08,AIR
V444_2,PORT07,PORT09,0,99.99,21.23,0.23,AIR
V444_2,PORT07,PORT09,100,249.99,21.23,0.22,AIR
V444_2,PORT07,PORT09,250,499.99,21.23,0.19,AIR
V444_2,PORT07,PORT09,500,1999.99,21.23,0.19,AIR
V444_2,PORT07,PORT09,2000,99999.99,21.23,0.18,AIR
V444_2,PORT08,PORT09,100,249.99,21.03,0.1,AIR
V444_2,PORT08,PORT09,2000,99999.99,21.03,0.1,AIR
V444_2,PORT08,PORT09,500,1999.99,21.03,0.1,AIR
V444_2,PORT08,PORT09,0,99.99,21.03,0.22,AIR
V444_2,PORT08,PORT09,250,499.99,21.03,0.1,AIR
V444_2,PORT10,PORT09,100,249.99,15.43,0.2,AIR
V444_2,PORT10,PORT09,2000,99999.99,15.43,0.1,AIR
V444_2,PORT10,PORT09,500,1999.99,15.43,0.1,AIR
V444_2,PORT10,PORT09,250,499.99,15.43,0.2,AIR
V444_2,PORT10,PORT09,0,99.99,15.43,0.21,AIR
V444_8,PORT09,PORT09,2000,99999.99,23.54,0.05,AIR
V444_8,PORT09,PORT09,500,1999.99,23.54,0.05,AIR
V444_8,PORT09,PORT09,100,249.99,23.54,0.05,AIR
V444_8,PORT09,PORT09,0,99.99,23.54,0.05,AIR
V444_8,PORT09,PORT09,250,499.99,23.54,0.05,AIR
V444_2,PORT11,PORT09,500,1999.99,15.43,0.08,AIR
V444_2,PORT11,PORT09,250,499.99,15.43,0.08,AIR
V444_2,PORT11,PORT09,2000,99999.99,15.43,0.08,AIR
V444_2,PORT11,PORT09,100,249.99,15.43,0.08,AIR
V444_2,PORT11,PORT09,0,99.99,15.43,0.2,AIR
V444_2,PORT11,PORT09,2000,99999.99,7.83,0.07,AIR
V444_2,PORT11,PORT09,500,1999.99,7.83,0.07,AIR
V444_2,PORT11,PORT09,250,499.99,7.83,0.07,AIR
V444_2,PORT11,PORT09,100,249.99,7.83,0.07,AIR
V444_2,PORT11,PORT09,0,99.99,7.83,0.1,AIR
V444_8,PORT11,PORT09,0,99.99,15.12,0.16,AIR
V444_8,PORT11,PORT09,250,499.99,15.12,0.16,AIR
V444_8,PORT11,PORT09,100,249.99,15.12,0.16,AIR
V444_8,PORT11,PORT09,500,1999.99,15.12,0.16,AIR
V444_8,PORT11,PORT09,2000,99999.99,15.12,0.16,AIR
V444_2,PORT07,PORT09,2000,99999.99,9.63,0.14,AIR
V444_2,PORT07,PORT09,500,1999.99,9.63,0.15,AIR
V444_2,PORT07,PORT09,250,499.99,9.63,0.15,AIR
V444_2,PORT07,PORT09,0,99.99,9.63,0.17,AIR
V444_2,PORT07,PORT09,100,249.99,9.63,0.15,AIR
V444_8,PORT04,PORT09,0,99.99,27.8,0.13,AIR
V444_8,PORT04,PORT09,250,499.99,27.8,0.13,AIR
V444_8,PORT04,PORT09,2000,99999.99,27.8,0.13,AIR
V444_8,PORT04,PORT09,500,1999.99,27.8,0.13,AIR
V444_8,PORT04,PORT09,100,249.99,27.8,0.13,AIR
V444_2,PORT08,PORT09,500,1999.99,19.03,0.1,AIR
V444_2,PORT08,PORT09,0,99.99,19.03,0.23,AIR
V444_2,PORT08,PORT09,2000,99999.99,19.03,0.1,AIR
V444_2,PORT08,PORT09,100,249.99,19.03,0.1,AIR
V444_2,PORT08,PORT09,250,499.99,19.03,0.1,AIR
V444_2,PORT08,PORT09,100,249.99,21.03,0.15,AIR
V444_2,PORT08,PORT09,250,499.99,21.03,0.15,AIR
V444_2,PORT08,PORT09,500,1999.99,21.03,0.15,AIR
V444_2,PORT08,PORT09,0,99.99,21.03,0.19,AIR
V444_2,PORT08,PORT09,2000,99999.99,21.03,0.15,AIR
V444_8,PORT02,PORT09,2000,99999.99,23.31,0.09,AIR
V444_8,PORT02,PORT09,100,249.99,23.31,0.09,AIR
V444_8,PORT02,PORT09,250,499.99,23.31,0.09,AIR
V444_8,PORT02,PORT09,500,1999.99,23.31,0.09,AIR
V444_8,PORT02,PORT09,0,99.99,23.31,0.09,AIR
V444_2,PORT10,PORT09,2000,99999.99,15.63,0.1,AIR
V444_2,PORT10,PORT09,500,1999.99,15.63,0.1,AIR
V444_2,PORT10,PORT09,100,249.99,15.63,0.21,AIR
V444_2,PORT10,PORT09,0,99.99,15.63,0.22,AIR
V444_2,PORT10,PORT09,250,499.99,15.63,0.2,AIR
V444_1,PORT10,PORT09,0.01,0.5,1.59,0.59,AIR
V444_1,PORT10,PORT09,0.51,1,1.59,0.59,AIR
V444_1,PORT10,PORT09,1.01,1.5,1.59,0.59,AIR
V444_1,PORT10,PORT09,1.51,2,1.59,0.59,AIR
V444_1,PORT10,PORT09,2.01,2.5,1.59,0.59,AIR
V444_1,PORT10,PORT09,70.51,99.99,11.48,0.1,AIR
V444_1,PORT10,PORT09,100,455.99,13.99,0.1,AIR
V444_1,PORT10,PORT09,456,99999.99,65.31,0.1,AIR
V444_1,PORT10,PORT09,0.01,0.5,1.67,0.67,AIR
V444_1,PORT10,PORT09,0.51,1,1.67,0.67,AIR
V444_1,PORT10,PORT09,1.01,1.5,1.67,0.67,AIR
V444_1,PORT10,PORT09,1.51,2,1.67,0.67,AIR
V444_1,PORT10,PORT09,2.01,2.5,1.67,0.67,AIR
V444_1,PORT10,PORT09,70.51,99.99,11.45,0.1,AIR
V444_1,PORT10,PORT09,100,455.99,13.95,0.1,AIR
V444_1,PORT10,PORT09,456,99999.99,65.13,0.1,AIR
V444_8,PORT03,PORT09,500,1999.99,25.44,0.28,AIR
V444_8,PORT03,PORT09,2000,99999.99,25.44,0.24,AIR
V444_8,PORT03,PORT09,250,499.99,25.44,0.28,AIR
V444_8,PORT03,PORT09,0,99.99,25.44,0.28,AIR
V444_8,PORT03,PORT09,100,249.99,25.44,0.28,AIR
V444_2,PORT07,PORT09,2000,99999.99,21.63,0.18,AIR
V444_2,PORT07,PORT09,250,499.99,21.63,0.2,AIR
V444_2,PORT07,PORT09,500,1999.99,21.63,0.19,AIR
V444_2,PORT07,PORT09,100,249.99,21.63,0.23,AIR
V444_2,PORT07,PORT09,0,99.99,21.63,0.27,AIR
V444_0,PORT02,PORT09,250,499.99,23.84,0.08,AIR
V444_0,PORT02,PORT09,100,249.99,23.84,0.08,AIR
V444_0,PORT02,PORT09,2000,99999.99,23.84,0.08,AIR
V444_0,PORT02,PORT09,500,1999.99,23.84,0.08,AIR
V444_0,PORT02,PORT09,0,99.99,23.84,0.1,AIR
V444_5,PORT05,PORT09,100,249.99,11.61,0.1,AIR
V444_5,PORT05,PORT09,250,499.99,11.61,0.1,AIR
V444_5,PORT05,PORT09,2000,99999.99,11.61,0.09,AIR
V444_5,PORT05,PORT09,0,99.99,11.61,0.15,AIR
V444_5,PORT05,PORT09,500,1999.99,11.61,0.09,AIR
V444_5,PORT06,PORT09,500,1999.99,7.43,0.08,AIR
V444_5,PORT06,PORT09,0,99.99,7.43,0.08,AIR
V444_5,PORT06,PORT09,100,249.99,7.43,0.08,AIR
V444_5,PORT06,PORT09,250,499.99,7.43,0.08,AIR
V444_5,PORT06,PORT09,2000,99999.99,7.43,0.08,AIR
V444_2,PORT07,PORT09,0,99.99,23.03,0.28,AIR
V444_2,PORT07,PORT09,100,249.99,23.03,0.24,AIR
V444_2,PORT07,PORT09,2000,99999.99,23.03,0.19,AIR
V444_2,PORT07,PORT09,250,499.99,23.03,0.21,AIR
V444_2,PORT07,PORT09,500,1999.99,23.03,0.2,AIR
V444_0,PORT04,PORT09,500,1999.99,3.46,0.05,AIR
V444_0,PORT04,PORT09,0,99.99,3.46,0.08,AIR
V444_0,PORT04,PORT09,250,499.99,3.46,0.05,AIR
V444_0,PORT04,PORT09,2000,99999.99,3.46,0.05,AIR
V444_0,PORT04,PORT09,100,249.99,3.46,0.06,AIR
V444_0,PORT04,PORT09,2000,99999.99,1.5,0.04,AIR
V444_0,PORT04,PORT09,100,249.99,1.5,0.04,AIR
V444_0,PORT04,PORT09,250,499.99,1.5,0.04,AIR
V444_0,PORT04,PORT09,500,1999.99,1.5,0.04,AIR
V444_0,PORT04,PORT09,0,99.99,1.5,0.05,AIR
V444_2,PORT02,PORT09,100,249.99,9.03,0.08,AIR
V444_2,PORT02,PORT09,250,499.99,9.03,0.08,AIR
V444_2,PORT02,PORT09,500,1999.99,9.03,0.08,AIR
V444_2,PORT02,PORT09,0,99.99,9.03,0.09,AIR
V444_2,PORT02,PORT09,2000,99999.99,9.03,0.08,AIR
V444_5,PORT02,PORT09,0,99.99,7.19,0.09,AIR
V444_5,PORT02,PORT09,100,249.99,7.19,0.07,AIR
V444_5,PORT02,PORT09,500,1999.99,7.19,0.07,AIR
V444_5,PORT02,PORT09,2000,99999.99,7.19,0.07,AIR
V444_5,PORT02,PORT09,250,499.99,7.19,0.07,AIR
V444_5,PORT05,PORT09,250,499.99,5.81,0.08,AIR
V444_5,PORT05,PORT09,500,1999.99,5.81,0.07,AIR
V444_5,PORT05,PORT09,2000,99999.99,5.81,0.07,AIR
V444_5,PORT05,PORT09,100,249.99,5.81,0.09,AIR
V444_5,PORT05,PORT09,0,99.99,5.81,0.13,AIR
V444_2,PORT10,PORT09,0,99.99,17.03,0.23,AIR
V444_2,PORT10,PORT09,250,499.99,17.03,0.21,AIR
V444_2,PORT10,PORT09,500,1999.99,17.03,0.2,AIR
V444_2,PORT10,PORT09,100,249.99,17.03,0.22,AIR
V444_2,PORT10,PORT09,2000,99999.99,17.03,0.19,AIR
V444_2,PORT10,PORT09,2000,99999.99,15.23,0.15,AIR
V444_2,PORT10,PORT09,250,499.99,15.23,0.15,AIR
V444_2,PORT10,PORT09,500,1999.99,15.23,0.15,AIR
V444_2,PORT10,PORT09,0,99.99,15.23,0.16,AIR
V444_2,PORT10,PORT09,100,249.99,15.23,0.15,AIR
V444_1,PORT10,PORT09,0.01,0.5,1.59,0.59,AIR
V444_1,PORT10,PORT09,0.51,1,1.59,0.59,AIR
V444_1,PORT10,PORT09,1.01,1.5,1.59,0.59,AIR
V444_1,PORT10,PORT09,1.51,2,1.59,0.59,AIR
V444_1,PORT10,PORT09,2.01,2.5,1.59,0.59,AIR
V444_1,PORT10,PORT09,70.51,99.99,11.48,0.1,AIR
V444_1,PORT10,PORT09,100,455.99,13.99,0.1,AIR
V444_1,PORT10,PORT09,456,99999.99,65.31,0.1,AIR
V444_1,PORT10,PORT09,0.01,0.5,1.67,0.67,AIR
V444_1,PORT10,PORT09,0.51,1,1.67,0.67,AIR
V444_1,PORT10,PORT09,1.01,1.5,1.67,0.67,AIR
V444_1,PORT10,PORT09,1.51,2,1.67,0.67,AIR
V444_1,PORT10,PORT09,2.01,2.5,1.67,0.67,AIR
V444_1,PORT10,PORT09,70.51,99.99,11.45,0.1,AIR
V444_1,PORT10,PORT09,100,455.99,13.95,0.1,AIR
V444_1,PORT10,PORT09,456,99999.99,65.13,0.1,AIR
V444_4,PORT10,PORT09,0,0.453592,1.4,0.85,AIR
V444_4,PORT10,PORT09,0.45812792,0.907184,1.45,0.96,AIR
V444_4,PORT10,PORT09,0.91171992,1.360776,1.54,1.16,AIR
V444_4,PORT10,PORT09,1.36531192,1.814368,1.62,1.33,AIR
V444_4,PORT10,PORT09,1.81890392,2.26796,1.68,1.47,AIR
V444_4,PORT10,PORT09,2.27249592,2.721552,1.72,1.55,AIR
V444_4,PORT10,PORT09,2.72608792,3.175144,1.76,1.64,AIR
V444_4,PORT10,PORT09,3.17967992,3.628736,1.81,1.75,AIR
V444_4,PORT10,PORT09,3.63327192,4.082328,1.85,1.85,AIR
V444_4,PORT10,PORT09,4.08686392,4.53592,1.89,1.93,AIR
V444_4,PORT10,PORT09,4.54045592,4.989512,1.94,3.03,AIR
V444_4,PORT10,PORT09,4.99404792,5.443104,1.98,3.13,AIR
V444_4,PORT10,PORT09,5.44763992,5.896696,3.03,2.23,AIR
V444_4,PORT10,PORT09,5.90123192,6.350288,3.07,2.33,AIR
V444_4,PORT10,PORT09,6.35482392,6.80388,3.12,1.44,AIR
V444_4,PORT10,PORT09,6.80841592,7.257472,3.17,1.54,AIR
V444_4,PORT10,PORT09,7.26200792,7.711064,3.21,2.64,AIR
V444_4,PORT10,PORT09,7.71559992,8.164656,3.26,3.74,AIR
V444_4,PORT10,PORT09,8.16919192,8.618248,3.3,3.84,AIR
V444_4,PORT10,PORT09,8.62278392,9.07184,3.35,2.94,AIR
V444_4,PORT10,PORT09,9.07637592,9.525432,3.39,3.02,AIR
V444_4,PORT10,PORT09,9.52996792,9.979024,3.42,4.1,AIR
V444_4,PORT10,PORT09,9.98355992,10.432616,3.46,4.18,AIR
V444_4,PORT10,PORT09,10.43715192,10.886208,3.49,4.26,AIR
V444_4,PORT10,PORT09,10.89074392,11.3398,3.53,4.34,AIR
V444_4,PORT10,PORT09,11.34433592,11.793392,3.57,3.42,AIR
V444_4,PORT10,PORT09,11.79792792,12.246984,3.6,4.5,AIR
V444_4,PORT10,PORT09,12.25151992,12.700576,3.64,4.58,AIR
V444_4,PORT10,PORT09,12.70511192,13.154168,3.67,3.66,AIR
V444_4,PORT10,PORT09,13.15870392,13.60776,3.71,3.74,AIR
V444_4,PORT10,PORT09,13.61229592,14.061352,3.75,3.82,AIR
V444_4,PORT10,PORT09,14.06588792,14.514944,3.78,3.89,AIR
V444_4,PORT10,PORT09,14.51947992,14.968536,3.82,2.97,AIR
V444_4,PORT10,PORT09,14.97307192,15.422128,3.85,5.05,AIR
V444_4,PORT10,PORT09,15.42666392,15.87572,3.89,6.13,AIR
V444_4,PORT10,PORT09,15.88025592,16.329312,3.93,2.21,AIR
V444_4,PORT10,PORT09,16.33384792,16.782904,3.96,5.29,AIR
V444_4,PORT10,PORT09,16.78743992,17.236496,4,2.37,AIR
V444_4,PORT10,PORT09,17.24103192,17.690088,5.03,5.45,AIR
V444_4,PORT10,PORT09,17.69462392,18.14368,5.07,5.53,AIR
V444_4,PORT10,PORT09,18.14821592,18.597272,5.11,6.61,AIR
V444_4,PORT10,PORT09,18.60180792,19.050864,5.14,2.69,AIR
V444_4,PORT10,PORT09,19.05539992,19.504456,5.18,5.77,AIR
V444_4,PORT10,PORT09,19.50899192,19.958048,5.21,6.85,AIR
V444_4,PORT10,PORT09,19.96258392,20.41164,5.25,2.93,AIR
V444_4,PORT10,PORT09,20.41617592,20.865232,5.29,5.01,AIR
V444_4,PORT10,PORT09,20.86976792,21.318824,5.32,3.09,AIR
V444_4,PORT10,PORT09,21.32335992,21.772416,5.36,5.16,AIR
V444_4,PORT10,PORT09,21.77695192,22.226008,5.39,5.24,AIR
V444_4,PORT10,PORT09,22.23054392,22.6796,5.43,3.32,AIR
V444_4,PORT10,PORT09,22.68413592,23.133192,5.47,6.41,AIR
V444_4,PORT10,PORT09,23.13772792,23.586784,5.5,7.49,AIR
V444_4,PORT10,PORT09,23.59131992,24.040376,5.54,5.57,AIR
V444_4,PORT10,PORT09,24.04491192,24.493968,5.58,6.65,AIR
V444_4,PORT10,PORT09,24.49850392,24.94756,5.62,7.73,AIR
V444_4,PORT10,PORT09,24.95209592,25.401152,5.65,5.82,AIR
V444_4,PORT10,PORT09,25.40568792,25.854744,5.69,4.9,AIR
V444_4,PORT10,PORT09,25.85927992,26.308336,5.73,6.98,AIR
V444_4,PORT10,PORT09,26.31287192,26.761928,5.76,6.06,AIR
V444_4,PORT10,PORT09,26.76646392,27.21552,5.8,6.14,AIR
V444_4,PORT10,PORT09,27.22005592,27.669112,5.84,7.23,AIR
V444_4,PORT10,PORT09,27.67364792,28.122704,5.88,3.31,AIR
V444_4,PORT10,PORT09,28.12723992,28.576296,5.91,9.39,AIR
V444_4,PORT10,PORT09,28.58083192,29.029888,5.95,5.47,AIR
V444_4,PORT10,PORT09,29.03442392,29.48348,5.99,6.55,AIR
V444_4,PORT10,PORT09,29.48801592,29.937072,7.02,4.64,AIR
V444_4,PORT10,PORT09,29.94160792,30.390664,7.06,5.72,AIR
V444_4,PORT10,PORT09,30.39519992,30.844256,7.1,6.8,AIR
V444_4,PORT10,PORT09,30.84879192,31.297848,7.14,7.88,AIR
V444_4,PORT10,PORT09,31.30238392,31.75144,7.17,8.96,AIR
V444_4,PORT10,PORT09,31.75597592,32.205032,7.21,9.04,AIR
V444_4,PORT10,PORT09,32.20956792,32.658624,7.24,8.11,AIR
V444_4,PORT10,PORT09,32.66315992,33.112216,7.27,7.18,AIR
V444_4,PORT10,PORT09,33.11675192,33.565808,7.3,7.25,AIR
V444_4,PORT10,PORT09,33.57034392,34.0194,7.34,8.33,AIR
V444_4,PORT10,PORT09,34.02393592,34.472992,7.37,6.4,AIR
V444_4,PORT10,PORT09,34.47752792,34.926584,7.4,4.47,AIR
V444_4,PORT10,PORT09,34.93111992,35.380176,7.44,8.54,AIR
V444_4,PORT10,PORT09,35.38471192,35.833768,7.47,5.61,AIR
V444_4,PORT10,PORT09,35.83830392,36.28736,7.5,6.69,AIR
V444_4,PORT10,PORT09,36.29189592,36.740952,7.53,5.76,AIR
V444_4,PORT10,PORT09,36.74548792,37.194544,7.57,10.83,AIR
V444_4,PORT10,PORT09,37.19907992,37.648136,7.6,4.9,AIR
V444_4,PORT10,PORT09,37.65267192,38.101728,7.63,10.98,AIR
V444_4,PORT10,PORT09,38.10626392,38.55532,7.67,11.05,AIR
V444_4,PORT10,PORT09,38.55985592,39.008912,7.7,5.12,AIR
V444_4,PORT10,PORT09,39.01344792,39.462504,7.73,5.19,AIR
V444_4,PORT10,PORT09,39.46703992,39.916096,7.76,9.27,AIR
V444_4,PORT10,PORT09,39.92063192,40.369688,7.8,4.34,AIR
V444_4,PORT10,PORT09,40.37422392,40.82328,7.83,5.41,AIR
V444_4,PORT10,PORT09,40.82781592,41.276872,7.86,10.48,AIR
V444_4,PORT10,PORT09,41.28140792,41.730464,7.9,12.55,AIR
V444_4,PORT10,PORT09,41.73499992,42.184056,7.93,12.63,AIR
V444_4,PORT10,PORT09,42.18859192,42.637648,7.96,6.7,AIR
V444_4,PORT10,PORT09,42.64218392,43.09124,7.99,8.77,AIR
V444_4,PORT10,PORT09,43.09577592,43.544832,9.03,4.84,AIR
V444_4,PORT10,PORT09,43.54936792,43.998424,9.06,5.92,AIR
V444_4,PORT10,PORT09,44.00295992,44.452016,9.09,10.99,AIR
V444_4,PORT10,PORT09,44.45655192,44.905608,9.12,11.06,AIR
V444_4,PORT10,PORT09,44.91014392,45.3592,9.16,12.13,AIR
V444_4,PORT10,PORT09,45.36373592,45.812792,9.2,11.22,AIR
V444_4,PORT10,PORT09,45.81732792,46.266384,9.24,8.31,AIR
V444_4,PORT10,PORT09,46.27091992,46.719976,9.28,12.4,AIR
V444_4,PORT10,PORT09,46.72451192,47.173568,9.32,11.49,AIR
V444_4,PORT10,PORT09,47.17810392,47.62716,9.36,12.58,AIR
V444_4,PORT10,PORT09,47.63169592,48.080752,9.4,9.67,AIR
V444_4,PORT10,PORT09,48.08528792,48.534344,9.44,13.76,AIR
V444_4,PORT10,PORT09,48.53887992,48.987936,9.48,5.85,AIR
V444_4,PORT10,PORT09,48.99247192,49.441528,9.52,5.93,AIR
V444_4,PORT10,PORT09,49.44606392,49.89512,9.56,15.02,AIR
V444_4,PORT10,PORT09,49.89965592,50.348712,9.6,13.11,AIR
V444_4,PORT10,PORT09,50.35324792,50.802304,9.64,14.2,AIR
V444_4,PORT10,PORT09,50.80683992,51.255896,9.68,13.29,AIR
V444_4,PORT10,PORT09,51.26043192,51.709488,9.72,8.38,AIR
V444_4,PORT10,PORT09,51.71402392,52.16308,9.76,13.47,AIR
V444_4,PORT10,PORT09,52.16761592,52.616672,9.8,8.56,AIR
V444_4,PORT10,PORT09,52.62120792,53.070264,9.84,15.65,AIR
V444_4,PORT10,PORT09,53.07479992,53.523856,9.88,14.74,AIR
V444_4,PORT10,PORT09,53.52839192,53.977448,9.93,8.83,AIR
V444_4,PORT10,PORT09,53.98198392,54.43104,9.97,7.91,AIR
V444_4,PORT10,PORT09,54.43557592,54.884632,11.01,7,AIR
V444_4,PORT10,PORT09,54.88916792,55.338224,11.05,11.09,AIR
V444_4,PORT10,PORT09,55.34275992,55.791816,11.09,8.18,AIR
V444_4,PORT10,PORT09,55.79635192,56.245408,11.13,9.27,AIR
V444_4,PORT10,PORT09,56.24994392,56.699,11.17,14.36,AIR
V444_4,PORT10,PORT09,56.70353592,57.152592,11.21,16.45,AIR
V444_4,PORT10,PORT09,57.15712792,57.606184,11.25,12.54,AIR
V444_4,PORT10,PORT09,57.61071992,58.059776,11.29,13.63,AIR
V444_4,PORT10,PORT09,58.06431192,58.513368,11.33,15.72,AIR
V444_4,PORT10,PORT09,58.51790392,58.96696,11.37,10.81,AIR
V444_4,PORT10,PORT09,58.97149592,59.420552,11.41,7.89,AIR
V444_4,PORT10,PORT09,59.42508792,59.874144,11.45,16.98,AIR
V444_4,PORT10,PORT09,59.87867992,60.327736,11.49,8.07,AIR
V444_4,PORT10,PORT09,60.33227192,60.781328,11.53,16.16,AIR
V444_4,PORT10,PORT09,60.78586392,61.23492,11.57,8.25,AIR
V444_4,PORT10,PORT09,61.23945592,61.688512,11.61,17.34,AIR
V444_4,PORT10,PORT09,61.69304792,62.142104,11.65,14.43,AIR
V444_4,PORT10,PORT09,62.14663992,62.595696,11.69,17.52,AIR
V444_4,PORT10,PORT09,62.60023192,63.049288,11.73,13.61,AIR
V444_4,PORT10,PORT09,63.05382392,63.50288,11.77,18.7,AIR
V444_4,PORT10,PORT09,63.50741592,63.956472,11.81,6.78,AIR
V444_4,PORT10,PORT09,63.96100792,64.410064,11.85,11.87,AIR
V444_4,PORT10,PORT09,64.41459992,64.863656,11.89,18.96,AIR
V444_4,PORT10,PORT09,64.86819192,65.317248,11.94,18.05,AIR
V444_4,PORT10,PORT09,65.32178392,65.77084,11.98,11.14,AIR
V444_4,PORT10,PORT09,65.77537592,66.224432,13.02,13.23,AIR
V444_4,PORT10,PORT09,66.22896792,66.678024,13.06,11.32,AIR
V444_4,PORT10,PORT09,66.68255992,67.131616,13.1,10.41,AIR
V444_4,PORT10,PORT09,67.13615192,67.585208,13.14,17.5,AIR
V444_4,PORT10,PORT09,67.58974392,68.0388,13.18,11.59,AIR
V444_4,PORT10,PORT09,68.04333592,45359.19546,13.25,0.12,AIR
V444_5,PORT06,PORT09,2000,99999.99,13.67,0.09,AIR
V444_5,PORT06,PORT09,0,99.99,13.67,0.09,AIR
V444_5,PORT06,PORT09,100,249.99,13.67,0.09,AIR
V444_5,PORT06,PORT09,250,499.99,13.67,0.09,AIR
V444_5,PORT06,PORT09,500,1999.99,13.67,0.09,AIR
V444_5,PORT06,PORT09,0,99.99,5.43,0.07,AIR
V444_5,PORT06,PORT09,500,1999.99,5.43,0.07,AIR
V444_5,PORT06,PORT09,2000,99999.99,5.43,0.07,AIR
V444_5,PORT06,PORT09,250,499.99,5.43,0.07,AIR
V444_5,PORT06,PORT09,100,249.99,5.43,0.07,AIR
V444_1,PORT06,PORT09,0.001,0.5,1.34,0.34,AIR
V444_1,PORT06,PORT09,0.01,0.5,1.43,0.43,AIR
V444_1,PORT06,PORT09,0.51,1,1.43,0.43,AIR
V444_1,PORT06,PORT09,1.01,1.5,1.52,0.52,AIR
V444_1,PORT06,PORT09,1.51,2,1.61,0.61,AIR
V444_1,PORT06,PORT09,2.01,2.5,1.71,0.71,AIR
V444_1,PORT06,PORT09,0.01,0.5,1.48,0.48,AIR
V444_1,PORT06,PORT09,0.51,1,1.48,0.48,AIR
V444_1,PORT06,PORT09,1.01,1.5,1.48,0.48,AIR
V444_1,PORT06,PORT09,1.51,2,1.48,0.48,AIR
V444_1,PORT06,PORT09,2.01,2.5,1.48,0.48,AIR
V444_1,PORT06,PORT09,2.51,3,1.48,0.48,AIR
V444_1,PORT06,PORT09,3.01,3.5,1.51,0.51,AIR
V444_1,PORT06,PORT09,3.51,4,1.55,0.55,AIR
V444_1,PORT06,PORT09,4.01,4.5,1.59,0.59,AIR
V444_1,PORT06,PORT09,4.51,5,1.63,0.63,AIR
V444_1,PORT06,PORT09,5.01,5.5,1.68,0.68,AIR
V444_1,PORT06,PORT09,5.51,6,1.72,0.72,AIR
V444_1,PORT06,PORT09,6.01,6.5,1.76,0.76,AIR
V444_1,PORT06,PORT09,6.51,7,1.81,0.81,AIR
V444_1,PORT06,PORT09,7.01,7.5,1.85,0.85,AIR
V444_1,PORT06,PORT09,7.51,8,1.89,0.89,AIR
V444_1,PORT06,PORT09,8.01,8.5,1.93,0.93,AIR
V444_1,PORT06,PORT09,8.51,9,1.98,0.98,AIR
V444_1,PORT06,PORT09,9.01,9.5,3.02,1.02,AIR
V444_1,PORT06,PORT09,9.51,10,3.06,1.06,AIR
V444_1,PORT06,PORT09,10.01,10.5,3.1,1.1,AIR
V444_1,PORT06,PORT09,10.51,11,3.14,1.14,AIR
V444_1,PORT06,PORT09,11.01,11.5,3.18,1.18,AIR
V444_1,PORT06,PORT09,11.51,12,3.22,1.22,AIR
V444_1,PORT06,PORT09,12.01,12.5,3.26,1.26,AIR
V444_1,PORT06,PORT09,12.51,13,3.3,1.3,AIR
V444_1,PORT06,PORT09,13.01,13.5,3.34,1.34,AIR
V444_1,PORT06,PORT09,13.51,14,3.38,1.38,AIR
V444_1,PORT06,PORT09,14.01,14.5,3.42,1.42,AIR
V444_1,PORT06,PORT09,14.51,15,3.46,1.46,AIR
V444_1,PORT06,PORT09,15.01,15.5,3.5,1.5,AIR
V444_1,PORT06,PORT09,15.51,16,3.54,1.54,AIR
V444_1,PORT06,PORT09,16.01,16.5,3.55,1.55,AIR
V444_1,PORT06,PORT09,16.51,17,3.55,1.55,AIR
V444_1,PORT06,PORT09,17.01,17.5,3.55,1.55,AIR
V444_1,PORT06,PORT09,17.51,18,3.55,1.55,AIR
V444_1,PORT06,PORT09,18.01,18.5,3.55,1.55,AIR
V444_1,PORT06,PORT09,18.51,19,3.55,1.55,AIR
V444_1,PORT06,PORT09,19.01,19.5,3.55,1.55,AIR
V444_1,PORT06,PORT09,19.51,20,3.55,1.55,AIR
V444_1,PORT06,PORT09,20.01,20.5,3.55,1.55,AIR
V444_1,PORT06,PORT09,20.51,21,3.55,1.55,AIR
V444_1,PORT06,PORT09,21.01,21.5,3.62,1.62,AIR
V444_1,PORT06,PORT09,21.51,22,3.62,1.62,AIR
V444_1,PORT06,PORT09,22.01,22.5,3.7,1.7,AIR
V444_1,PORT06,PORT09,22.51,23,3.7,1.7,AIR
V444_1,PORT06,PORT09,23.01,23.5,3.77,1.77,AIR
V444_1,PORT06,PORT09,23.51,24,3.77,1.77,AIR
V444_1,PORT06,PORT09,24.01,24.5,3.84,1.84,AIR
V444_1,PORT06,PORT09,24.51,25,3.84,1.84,AIR
V444_1,PORT06,PORT09,25.01,25.5,3.91,1.91,AIR
V444_1,PORT06,PORT09,25.51,26,3.91,1.91,AIR
V444_1,PORT06,PORT09,26.01,26.5,3.99,1.99,AIR
V444_1,PORT06,PORT09,26.51,27,3.99,1.99,AIR
V444_1,PORT06,PORT09,27.01,27.5,5.06,2.06,AIR
V444_1,PORT06,PORT09,27.51,28,5.06,1.06,AIR
V444_1,PORT06,PORT09,28.01,28.5,5.13,1.13,AIR
V444_1,PORT06,PORT09,28.51,29,5.13,1.13,AIR
V444_1,PORT06,PORT09,29.01,29.5,5.2,1.2,AIR
V444_1,PORT06,PORT09,29.51,30,5.2,1.2,AIR
V444_1,PORT06,PORT09,30.01,30.5,5.28,2.28,AIR
V444_1,PORT06,PORT09,30.51,31,5.28,1.28,AIR
V444_1,PORT06,PORT09,31.01,31.5,5.35,3.35,AIR
V444_1,PORT06,PORT09,31.51,32,5.35,3.35,AIR
V444_1,PORT06,PORT09,32.01,32.5,5.42,2.42,AIR
V444_1,PORT06,PORT09,32.51,33,5.42,2.42,AIR
V444_1,PORT06,PORT09,33.01,33.5,5.49,3.49,AIR
V444_1,PORT06,PORT09,33.51,34,5.49,1.49,AIR
V444_1,PORT06,PORT09,34.01,34.5,5.57,2.57,AIR
V444_1,PORT06,PORT09,34.51,35,5.57,1.57,AIR
V444_1,PORT06,PORT09,35.01,35.5,5.64,1.64,AIR
V444_1,PORT06,PORT09,35.51,36,5.64,2.64,AIR
V444_1,PORT06,PORT09,36.01,36.5,5.71,3.71,AIR
V444_1,PORT06,PORT09,36.51,37,5.71,2.71,AIR
V444_1,PORT06,PORT09,37.01,37.5,5.78,1.78,AIR
V444_1,PORT06,PORT09,37.51,38,5.78,2.78,AIR
V444_1,PORT06,PORT09,38.01,38.5,5.86,2.86,AIR
V444_1,PORT06,PORT09,38.51,39,5.86,1.86,AIR
V444_1,PORT06,PORT09,39.01,39.5,5.93,3.93,AIR
V444_1,PORT06,PORT09,39.51,40,5.93,1.93,AIR
V444_1,PORT06,PORT09,40.01,40.5,7,2,AIR
V444_1,PORT06,PORT09,40.51,41,7,4,AIR
V444_1,PORT06,PORT09,41.01,41.5,7.07,3.07,AIR
V444_1,PORT06,PORT09,41.51,42,7.07,4.07,AIR
V444_1,PORT06,PORT09,42.01,42.5,7.11,2.11,AIR
V444_1,PORT06,PORT09,42.51,43,7.11,4.11,AIR
V444_1,PORT06,PORT09,43.01,43.5,7.11,3.11,AIR
V444_1,PORT06,PORT09,43.51,44,7.11,4.11,AIR
V444_1,PORT06,PORT09,44.01,44.5,7.11,4.11,AIR
V444_1,PORT06,PORT09,44.51,45,7.11,3.11,AIR
V444_1,PORT06,PORT09,45.01,45.5,7.18,4.18,AIR
V444_1,PORT06,PORT09,45.51,46,7.18,4.18,AIR
V444_1,PORT06,PORT09,46.01,46.5,7.25,3.25,AIR
V444_1,PORT06,PORT09,46.51,47,7.25,3.25,AIR
V444_1,PORT06,PORT09,47.01,47.5,7.32,3.32,AIR
V444_1,PORT06,PORT09,47.51,48,7.32,2.32,AIR
V444_1,PORT06,PORT09,48.01,48.5,7.39,4.39,AIR
V444_1,PORT06,PORT09,48.51,49,7.39,3.39,AIR
V444_1,PORT06,PORT09,49.01,49.5,7.46,3.46,AIR
V444_1,PORT06,PORT09,49.51,50,7.46,2.46,AIR
V444_1,PORT06,PORT09,50.01,50.5,7.53,3.53,AIR
V444_1,PORT06,PORT09,50.51,51,7.53,2.53,AIR
V444_1,PORT06,PORT09,51.01,51.5,7.59,3.59,AIR
V444_1,PORT06,PORT09,51.51,52,7.59,2.59,AIR
V444_1,PORT06,PORT09,52.01,52.5,7.66,2.66,AIR
V444_1,PORT06,PORT09,52.51,53,7.66,4.66,AIR
V444_1,PORT06,PORT09,53.01,53.5,7.73,4.73,AIR
V444_1,PORT06,PORT09,53.51,54,7.73,3.73,AIR
V444_1,PORT06,PORT09,54.01,54.5,7.8,3.8,AIR
V444_1,PORT06,PORT09,54.51,55,7.8,2.8,AIR
V444_1,PORT06,PORT09,55.01,55.5,7.87,2.87,AIR
V444_1,PORT06,PORT09,55.51,56,7.87,2.87,AIR
V444_1,PORT06,PORT09,56.01,56.5,7.94,2.94,AIR
V444_1,PORT06,PORT09,56.51,57,7.94,4.94,AIR
V444_1,PORT06,PORT09,57.01,57.5,9.01,5.01,AIR
V444_1,PORT06,PORT09,57.51,58,9.01,6.01,AIR
V444_1,PORT06,PORT09,58.01,58.5,9.07,6.07,AIR
V444_1,PORT06,PORT09,58.51,59,9.07,2.07,AIR
V444_1,PORT06,PORT09,59.01,59.5,9.14,5.14,AIR
V444_1,PORT06,PORT09,59.51,60,9.14,6.14,AIR
V444_1,PORT06,PORT09,60.01,60.5,9.21,3.21,AIR
V444_1,PORT06,PORT09,60.51,61,9.21,4.21,AIR
V444_1,PORT06,PORT09,61.01,61.5,9.28,4.28,AIR
V444_1,PORT06,PORT09,61.51,62,9.28,6.28,AIR
V444_1,PORT06,PORT09,62.01,62.5,9.35,6.35,AIR
V444_1,PORT06,PORT09,62.51,63,9.35,3.35,AIR
V444_1,PORT06,PORT09,63.01,63.5,9.42,6.42,AIR
V444_1,PORT06,PORT09,63.51,64,9.42,6.42,AIR
V444_1,PORT06,PORT09,64.01,64.5,9.49,6.49,AIR
V444_1,PORT06,PORT09,64.51,65,9.49,4.49,AIR
V444_1,PORT06,PORT09,65.01,65.5,9.55,4.55,AIR
V444_1,PORT06,PORT09,65.51,66,9.55,3.55,AIR
V444_1,PORT06,PORT09,66.01,66.5,9.59,5.59,AIR
V444_1,PORT06,PORT09,66.51,67,9.62,6.62,AIR
V444_1,PORT06,PORT09,67.01,67.5,9.66,5.66,AIR
V444_1,PORT06,PORT09,67.51,68,9.69,4.69,AIR
V444_1,PORT06,PORT09,68.01,68.5,9.73,4.73,AIR
V444_1,PORT06,PORT09,68.51,69,9.73,4.73,AIR
V444_1,PORT06,PORT09,69.01,69.5,9.73,5.73,AIR
V444_1,PORT06,PORT09,69.51,70,9.73,3.73,AIR
V444_1,PORT06,PORT09,70.01,70.5,9.73,2.73,AIR
V444_1,PORT06,PORT09,70.51,99.99,9.74,0.09,AIR
V444_1,PORT06,PORT09,100,299.99,13.39,0.09,AIR
V444_1,PORT06,PORT09,300,499.99,35.67,0.09,AIR
V444_1,PORT06,PORT09,500,999.99,59.43,0.09,AIR
V444_1,PORT06,PORT09,1000,9999.99,117.83,0.09,AIR
V444_4,PORT06,PORT09,0,0.5,1.44,0.44,AIR
V444_4,PORT06,PORT09,0.51,1,1.48,0.48,AIR
V444_4,PORT06,PORT09,1.01,1.5,1.51,0.51,AIR
V444_4,PORT06,PORT09,1.51,2,1.55,0.55,AIR
V444_4,PORT06,PORT09,2.01,2.5,1.59,0.59,AIR
V444_4,PORT06,PORT09,2.51,3,1.62,0.62,AIR
V444_4,PORT06,PORT09,3.01,3.5,1.65,0.65,AIR
V444_4,PORT06,PORT09,3.51,4,1.69,0.69,AIR
V444_4,PORT06,PORT09,4.01,4.5,1.72,0.72,AIR
V444_4,PORT06,PORT09,4.51,5,1.76,0.76,AIR
V444_4,PORT06,PORT09,5.01,5.5,1.79,0.79,AIR
V444_4,PORT06,PORT09,5.51,6,1.82,0.82,AIR
V444_4,PORT06,PORT09,6.01,6.5,1.85,0.85,AIR
V444_4,PORT06,PORT09,6.51,7,1.88,0.88,AIR
V444_4,PORT06,PORT09,7.01,7.5,1.91,0.91,AIR
V444_4,PORT06,PORT09,7.51,8,1.94,0.94,AIR
V444_4,PORT06,PORT09,8.01,8.5,1.97,0.97,AIR
V444_4,PORT06,PORT09,8.51,9,2,1,AIR
V444_4,PORT06,PORT09,9.01,9.5,3.03,1.03,AIR
V444_4,PORT06,PORT09,9.51,10,3.06,1.06,AIR
V444_4,PORT06,PORT09,10.01,10.5,3.09,1.09,AIR
V444_4,PORT06,PORT09,10.51,11,3.12,1.12,AIR
V444_4,PORT06,PORT09,11.01,11.5,3.15,1.15,AIR
V444_4,PORT06,PORT09,11.51,12,3.18,1.18,AIR
V444_4,PORT06,PORT09,12.01,12.5,3.21,1.21,AIR
V444_4,PORT06,PORT09,12.51,13,3.24,1.24,AIR
V444_4,PORT06,PORT09,13.01,13.5,3.27,1.27,AIR
V444_4,PORT06,PORT09,13.51,14,3.3,1.3,AIR
V444_4,PORT06,PORT09,14.01,14.5,3.33,1.33,AIR
V444_4,PORT06,PORT09,14.51,15,3.36,1.36,AIR
V444_4,PORT06,PORT09,15.01,15.5,3.39,1.39,AIR
V444_4,PORT06,PORT09,15.51,16,3.42,1.42,AIR
V444_4,PORT06,PORT09,16.01,16.5,3.45,1.45,AIR
V444_4,PORT06,PORT09,16.51,17,3.48,1.48,AIR
V444_4,PORT06,PORT09,17.01,17.5,3.51,1.51,AIR
V444_4,PORT06,PORT09,17.51,18,3.54,1.54,AIR
V444_4,PORT06,PORT09,18.01,18.5,3.57,1.57,AIR
V444_4,PORT06,PORT09,18.51,19,3.6,1.6,AIR
V444_4,PORT06,PORT09,19.01,19.5,3.63,1.63,AIR
V444_4,PORT06,PORT09,19.51,20,3.66,1.66,AIR
V444_4,PORT06,PORT09,20.01,20.5,3.69,1.69,AIR
V444_4,PORT06,PORT09,20.51,21,3.72,1.72,AIR
V444_4,PORT06,PORT09,21.01,21.5,3.75,1.75,AIR
V444_4,PORT06,PORT09,21.51,22,3.78,1.78,AIR
V444_4,PORT06,PORT09,22.01,22.5,3.81,1.81,AIR
V444_4,PORT06,PORT09,22.51,23,3.84,1.84,AIR
V444_4,PORT06,PORT09,23.01,23.5,3.87,1.87,AIR
V444_4,PORT06,PORT09,23.51,24,3.9,1.9,AIR
V444_4,PORT06,PORT09,24.01,24.5,3.93,1.93,AIR
V444_4,PORT06,PORT09,24.51,25,3.96,1.96,AIR
V444_4,PORT06,PORT09,25.01,25.5,3.99,1.99,AIR
V444_4,PORT06,PORT09,25.51,26,5.02,3.02,AIR
V444_4,PORT06,PORT09,26.01,26.5,5.05,1.05,AIR
V444_4,PORT06,PORT09,26.51,27,5.08,2.08,AIR
V444_4,PORT06,PORT09,27.01,27.5,5.11,1.11,AIR
V444_4,PORT06,PORT09,27.51,28,5.14,2.14,AIR
V444_4,PORT06,PORT09,28.01,28.5,5.17,1.17,AIR
V444_4,PORT06,PORT09,28.51,29,5.2,3.2,AIR
V444_4,PORT06,PORT09,29.01,29.5,5.23,1.23,AIR
V444_4,PORT06,PORT09,29.51,30,5.26,3.26,AIR
V444_4,PORT06,PORT09,30.01,30.5,5.29,1.29,AIR
V444_4,PORT06,PORT09,30.51,31,5.32,3.32,AIR
V444_4,PORT06,PORT09,31.01,31.5,5.35,3.35,AIR
V444_4,PORT06,PORT09,31.51,32,5.38,1.38,AIR
V444_4,PORT06,PORT09,32.01,32.5,5.41,1.41,AIR
V444_4,PORT06,PORT09,32.51,33,5.44,1.44,AIR
V444_4,PORT06,PORT09,33.01,33.5,5.47,2.47,AIR
V444_4,PORT06,PORT09,33.51,34,5.5,2.5,AIR
V444_4,PORT06,PORT09,34.01,34.5,5.53,2.53,AIR
V444_4,PORT06,PORT09,34.51,35,5.56,1.56,AIR
V444_4,PORT06,PORT09,35.01,35.5,5.59,3.59,AIR
V444_4,PORT06,PORT09,35.51,36,5.62,2.62,AIR
V444_4,PORT06,PORT09,36.01,36.5,5.65,1.65,AIR
V444_4,PORT06,PORT09,36.51,37,5.68,2.68,AIR
V444_4,PORT06,PORT09,37.01,37.5,5.71,3.71,AIR
V444_4,PORT06,PORT09,37.51,38,5.74,2.74,AIR
V444_4,PORT06,PORT09,38.01,38.5,5.77,2.77,AIR
V444_4,PORT06,PORT09,38.51,39,5.8,3.8,AIR
V444_4,PORT06,PORT09,39.01,39.5,5.83,2.83,AIR
V444_4,PORT06,PORT09,39.51,40,5.86,2.86,AIR
V444_4,PORT06,PORT09,40.01,40.5,5.89,3.89,AIR
V444_4,PORT06,PORT09,40.51,41,5.92,2.92,AIR
V444_4,PORT06,PORT09,41.01,41.5,5.95,1.95,AIR
V444_4,PORT06,PORT09,41.51,42,5.98,1.98,AIR
V444_4,PORT06,PORT09,42.01,42.5,7.01,3.01,AIR
V444_4,PORT06,PORT09,42.51,43,7.04,2.04,AIR
V444_4,PORT06,PORT09,43.01,43.5,7.07,2.07,AIR
V444_4,PORT06,PORT09,43.51,44,7.1,2.1,AIR
V444_4,PORT06,PORT09,44.01,44.5,7.13,3.13,AIR
V444_4,PORT06,PORT09,44.51,45,7.16,2.16,AIR
V444_4,PORT06,PORT09,45.01,45.5,7.19,3.19,AIR
V444_4,PORT06,PORT09,45.51,46,7.22,2.22,AIR
V444_4,PORT06,PORT09,46.01,46.5,7.26,3.26,AIR
V444_4,PORT06,PORT09,46.51,47,7.29,2.29,AIR
V444_4,PORT06,PORT09,47.01,47.5,7.33,2.33,AIR
V444_4,PORT06,PORT09,47.51,48,7.36,2.36,AIR
V444_4,PORT06,PORT09,48.01,48.5,7.39,3.39,AIR
V444_4,PORT06,PORT09,48.51,49,7.43,2.43,AIR
V444_4,PORT06,PORT09,49.01,49.5,7.46,2.46,AIR
V444_4,PORT06,PORT09,49.51,50,7.5,4.5,AIR
V444_4,PORT06,PORT09,50.01,50.5,7.53,3.53,AIR
V444_4,PORT06,PORT09,50.51,51,7.56,2.56,AIR
V444_4,PORT06,PORT09,51.01,51.5,7.6,4.6,AIR
V444_4,PORT06,PORT09,51.51,52,7.63,4.63,AIR
V444_4,PORT06,PORT09,52.01,52.5,7.67,2.67,AIR
V444_4,PORT06,PORT09,52.51,53,7.7,4.7,AIR
V444_4,PORT06,PORT09,53.01,53.5,7.73,2.73,AIR
V444_4,PORT06,PORT09,53.51,54,7.77,3.77,AIR
V444_4,PORT06,PORT09,54.01,54.5,7.8,2.8,AIR
V444_4,PORT06,PORT09,54.51,55,7.84,4.84,AIR
V444_4,PORT06,PORT09,55.01,55.5,7.87,2.87,AIR
V444_4,PORT06,PORT09,55.51,56,7.9,3.9,AIR
V444_4,PORT06,PORT09,56.01,56.5,7.94,2.94,AIR
V444_4,PORT06,PORT09,56.51,57,7.97,3.97,AIR
V444_4,PORT06,PORT09,57.01,57.5,9.01,6.01,AIR
V444_4,PORT06,PORT09,57.51,58,9.04,4.04,AIR
V444_4,PORT06,PORT09,58.01,58.5,9.07,5.07,AIR
V444_4,PORT06,PORT09,58.51,59,9.11,5.11,AIR
V444_4,PORT06,PORT09,59.01,59.5,9.14,3.14,AIR
V444_4,PORT06,PORT09,59.51,60,9.18,6.18,AIR
V444_4,PORT06,PORT09,60.01,60.5,9.21,3.21,AIR
V444_4,PORT06,PORT09,60.51,61,9.24,5.24,AIR
V444_4,PORT06,PORT09,61.01,61.5,9.28,6.28,AIR
V444_4,PORT06,PORT09,61.51,62,9.31,2.31,AIR
V444_4,PORT06,PORT09,62.01,62.5,9.35,3.35,AIR
V444_4,PORT06,PORT09,62.51,63,9.38,2.38,AIR
V444_4,PORT06,PORT09,63.01,63.5,9.41,2.41,AIR
V444_4,PORT06,PORT09,63.51,64,9.45,6.45,AIR
V444_4,PORT06,PORT09,64.01,64.5,9.48,6.48,AIR
V444_4,PORT06,PORT09,64.51,65,9.52,4.52,AIR
V444_4,PORT06,PORT09,65.01,65.5,9.55,6.55,AIR
V444_4,PORT06,PORT09,65.51,66,9.58,4.58,AIR
V444_4,PORT06,PORT09,66.01,66.5,9.62,4.62,AIR
V444_4,PORT06,PORT09,66.51,67,9.65,6.65,AIR
V444_4,PORT06,PORT09,67.01,67.5,9.69,5.69,AIR
V444_4,PORT06,PORT09,67.51,68,9.72,4.72,AIR
V444_4,PORT06,PORT09,68.01,68.5,9.75,6.75,AIR
V444_4,PORT06,PORT09,68.51,69,9.79,5.79,AIR
V444_4,PORT06,PORT09,69.01,69.5,9.82,4.82,AIR
V444_4,PORT06,PORT09,69.51,70,9.86,2.86,AIR
V444_4,PORT06,PORT09,70.01,70.5,9.89,2.89,AIR
V444_4,PORT06,PORT09,70.51,71,9.92,4.92,AIR
V444_4,PORT06,PORT09,71.01,71.5,9.96,6.96,AIR
V444_4,PORT06,PORT09,71.51,72,9.99,6.99,AIR
V444_4,PORT06,PORT09,72.01,72.5,11.03,4.03,AIR
V444_4,PORT06,PORT09,72.51,73,11.06,4.06,AIR
V444_4,PORT06,PORT09,73.01,73.5,11.09,5.09,AIR
V444_4,PORT06,PORT09,73.51,74,11.13,7.13,AIR
V444_4,PORT06,PORT09,74.01,74.5,11.16,6.16,AIR
V444_4,PORT06,PORT09,74.51,75,11.2,5.2,AIR
V444_4,PORT06,PORT09,75.01,99999.99,11.22,0.1,AIR
V444_4,PORT06,PORT09,0,0.5,1.44,0.44,AIR
V444_4,PORT06,PORT09,0.51,1,1.48,0.48,AIR
V444_4,PORT06,PORT09,1.01,1.5,1.51,0.51,AIR
V444_4,PORT06,PORT09,1.51,2,1.55,0.55,AIR
V444_4,PORT06,PORT09,2.01,2.5,1.59,0.59,AIR
V444_4,PORT06,PORT09,2.51,3,1.62,0.62,AIR
V444_4,PORT06,PORT09,3.01,3.5,1.65,0.65,AIR
V444_4,PORT06,PORT09,3.51,4,1.69,0.69,AIR
V444_4,PORT06,PORT09,4.01,4.5,1.72,0.72,AIR
V444_4,PORT06,PORT09,4.51,5,1.76,0.76,AIR
V444_4,PORT06,PORT09,5.01,5.5,1.79,0.79,AIR
V444_4,PORT06,PORT09,5.51,6,1.82,0.82,AIR
V444_4,PORT06,PORT09,6.01,6.5,1.85,0.85,AIR
V444_4,PORT06,PORT09,6.51,7,1.88,0.88,AIR
V444_4,PORT06,PORT09,7.01,7.5,1.91,0.91,AIR
V444_4,PORT06,PORT09,7.51,8,1.94,0.94,AIR
V444_4,PORT06,PORT09,8.01,8.5,1.97,0.97,AIR
V444_4,PORT06,PORT09,8.51,9,2,1,AIR
V444_4,PORT06,PORT09,9.01,9.5,3.03,1.03,AIR
V444_4,PORT06,PORT09,9.51,10,3.06,1.06,AIR
V444_4,PORT06,PORT09,10.01,10.5,3.09,1.09,AIR
V444_4,PORT06,PORT09,10.51,11,3.12,1.12,AIR
V444_4,PORT06,PORT09,11.01,11.5,3.15,1.15,AIR
V444_4,PORT06,PORT09,11.51,12,3.18,1.18,AIR
V444_4,PORT06,PORT09,12.01,12.5,3.21,1.21,AIR
V444_4,PORT06,PORT09,12.51,13,3.24,1.24,AIR
V444_4,PORT06,PORT09,13.01,13.5,3.27,1.27,AIR
V444_4,PORT06,PORT09,13.51,14,3.3,1.3,AIR
V444_4,PORT06,PORT09,14.01,14.5,3.33,1.33,AIR
V444_4,PORT06,PORT09,14.51,15,3.36,1.36,AIR
V444_4,PORT06,PORT09,15.01,15.5,3.39,1.39,AIR
V444_4,PORT06,PORT09,15.51,16,3.42,1.42,AIR
V444_4,PORT06,PORT09,16.01,16.5,3.45,1.45,AIR
V444_4,PORT06,PORT09,16.51,17,3.48,1.48,AIR
V444_4,PORT06,PORT09,17.01,17.5,3.51,1.51,AIR
V444_4,PORT06,PORT09,17.51,18,3.54,1.54,AIR
V444_4,PORT06,PORT09,18.01,18.5,3.57,1.57,AIR
V444_4,PORT06,PORT09,18.51,19,3.6,1.6,AIR
V444_4,PORT06,PORT09,19.01,19.5,3.63,1.63,AIR
V444_4,PORT06,PORT09,19.51,20,3.66,1.66,AIR
V444_4,PORT06,PORT09,20.01,20.5,3.69,1.69,AIR
V444_4,PORT06,PORT09,20.51,21,3.72,1.72,AIR
V444_4,PORT06,PORT09,21.01,21.5,3.75,1.75,AIR
V444_4,PORT06,PORT09,21.51,22,3.78,1.78,AIR
V444_4,PORT06,PORT09,22.01,22.5,3.81,1.81,AIR
V444_4,PORT06,PORT09,22.51,23,3.84,1.84,AIR
V444_4,PORT06,PORT09,23.01,23.5,3.87,1.87,AIR
V444_4,PORT06,PORT09,23.51,24,3.9,1.9,AIR
V444_4,PORT06,PORT09,24.01,24.5,3.93,1.93,AIR
V444_4,PORT06,PORT09,24.51,25,3.96,1.96,AIR
V444_4,PORT06,PORT09,25.01,25.5,3.99,1.99,AIR
V444_4,PORT06,PORT09,25.51,26,5.02,2.02,AIR
V444_4,PORT06,PORT09,26.01,26.5,5.05,1.05,AIR
V444_4,PORT06,PORT09,26.51,27,5.08,1.08,AIR
V444_4,PORT06,PORT09,27.01,27.5,5.11,1.11,AIR
V444_4,PORT06,PORT09,27.51,28,5.14,3.14,AIR
V444_4,PORT06,PORT09,28.01,28.5,5.17,2.17,AIR
V444_4,PORT06,PORT09,28.51,29,5.2,2.2,AIR
V444_4,PORT06,PORT09,29.01,29.5,5.23,1.23,AIR
V444_4,PORT06,PORT09,29.51,30,5.26,1.26,AIR
V444_4,PORT06,PORT09,30.01,30.5,5.29,2.29,AIR
V444_4,PORT06,PORT09,30.51,31,5.32,3.32,AIR
V444_4,PORT06,PORT09,31.01,31.5,5.35,3.35,AIR
V444_4,PORT06,PORT09,31.51,32,5.38,3.38,AIR
V444_4,PORT06,PORT09,32.01,32.5,5.41,3.41,AIR
V444_4,PORT06,PORT09,32.51,33,5.44,2.44,AIR
V444_4,PORT06,PORT09,33.01,33.5,5.47,1.47,AIR
V444_4,PORT06,PORT09,33.51,34,5.5,1.5,AIR
V444_4,PORT06,PORT09,34.01,34.5,5.53,2.53,AIR
V444_4,PORT06,PORT09,34.51,35,5.56,2.56,AIR
V444_4,PORT06,PORT09,35.01,35.5,5.59,3.59,AIR
V444_4,PORT06,PORT09,35.51,36,5.62,1.62,AIR
V444_4,PORT06,PORT09,36.01,36.5,5.65,3.65,AIR
V444_4,PORT06,PORT09,36.51,37,5.68,2.68,AIR
V444_4,PORT06,PORT09,37.01,37.5,5.71,3.71,AIR
V444_4,PORT06,PORT09,37.51,38,5.74,2.74,AIR
V444_4,PORT06,PORT09,38.01,38.5,5.77,2.77,AIR
V444_4,PORT06,PORT09,38.51,39,5.8,1.8,AIR
V444_4,PORT06,PORT09,39.01,39.5,5.83,2.83,AIR
V444_4,PORT06,PORT09,39.51,40,5.86,1.86,AIR
V444_4,PORT06,PORT09,40.01,40.5,5.89,1.89,AIR
V444_4,PORT06,PORT09,40.51,41,5.92,3.92,AIR
V444_4,PORT06,PORT09,41.01,41.5,5.95,2.95,AIR
V444_4,PORT06,PORT09,41.51,42,5.98,1.98,AIR
V444_4,PORT06,PORT09,42.01,42.5,7.01,4.01,AIR
V444_4,PORT06,PORT09,42.51,43,7.04,3.04,AIR
V444_4,PORT06,PORT09,43.01,43.5,7.07,2.07,AIR
V444_4,PORT06,PORT09,43.51,44,7.1,2.1,AIR
V444_4,PORT06,PORT09,44.01,44.5,7.13,2.13,AIR
V444_4,PORT06,PORT09,44.51,45,7.16,4.16,AIR
V444_4,PORT06,PORT09,45.01,45.5,7.19,2.19,AIR
V444_4,PORT06,PORT09,45.51,46,7.22,4.22,AIR
V444_4,PORT06,PORT09,46.01,46.5,7.26,3.26,AIR
V444_4,PORT06,PORT09,46.51,47,7.29,3.29,AIR
V444_4,PORT06,PORT09,47.01,47.5,7.33,3.33,AIR
V444_4,PORT06,PORT09,47.51,48,7.36,3.36,AIR
V444_4,PORT06,PORT09,48.01,48.5,7.39,4.39,AIR
V444_4,PORT06,PORT09,48.51,49,7.43,2.43,AIR
V444_4,PORT06,PORT09,49.01,49.5,7.46,2.46,AIR
V444_4,PORT06,PORT09,49.51,50,7.5,4.5,AIR
V444_4,PORT06,PORT09,50.01,50.5,7.53,4.53,AIR
V444_4,PORT06,PORT09,50.51,51,7.56,4.56,AIR
V444_4,PORT06,PORT09,51.01,51.5,7.6,3.6,AIR
V444_4,PORT06,PORT09,51.51,52,7.63,2.63,AIR
V444_4,PORT06,PORT09,52.01,52.5,7.67,3.67,AIR
V444_4,PORT06,PORT09,52.51,53,7.7,4.7,AIR
V444_4,PORT06,PORT09,53.01,53.5,7.73,2.73,AIR
V444_4,PORT06,PORT09,53.51,54,7.77,2.77,AIR
V444_4,PORT06,PORT09,54.01,54.5,7.8,4.8,AIR
V444_4,PORT06,PORT09,54.51,55,7.84,4.84,AIR
V444_4,PORT06,PORT09,55.01,55.5,7.87,4.87,AIR
V444_4,PORT06,PORT09,55.51,56,7.9,4.9,AIR
V444_4,PORT06,PORT09,56.01,56.5,7.94,2.94,AIR
V444_4,PORT06,PORT09,56.51,57,7.97,2.97,AIR
V444_4,PORT06,PORT09,57.01,57.5,9.01,4.01,AIR
V444_4,PORT06,PORT09,57.51,58,9.04,2.04,AIR
V444_4,PORT06,PORT09,58.01,58.5,9.07,4.07,AIR
V444_4,PORT06,PORT09,58.51,59,9.11,2.11,AIR
V444_4,PORT06,PORT09,59.01,59.5,9.14,2.14,AIR
V444_4,PORT06,PORT09,59.51,60,9.18,6.18,AIR
V444_4,PORT06,PORT09,60.01,60.5,9.21,2.21,AIR
V444_4,PORT06,PORT09,60.51,61,9.24,6.24,AIR
V444_4,PORT06,PORT09,61.01,61.5,9.28,3.28,AIR
V444_4,PORT06,PORT09,61.51,62,9.31,5.31,AIR
V444_4,PORT06,PORT09,62.01,62.5,9.35,6.35,AIR
V444_4,PORT06,PORT09,62.51,63,9.38,3.38,AIR
V444_4,PORT06,PORT09,63.01,63.5,9.41,4.41,AIR
V444_4,PORT06,PORT09,63.51,64,9.45,5.45,AIR
V444_4,PORT06,PORT09,64.01,64.5,9.48,4.48,AIR
V444_4,PORT06,PORT09,64.51,65,9.52,4.52,AIR
V444_4,PORT06,PORT09,65.01,65.5,9.55,6.55,AIR
V444_4,PORT06,PORT09,65.51,66,9.58,5.58,AIR
V444_4,PORT06,PORT09,66.01,66.5,9.62,2.62,AIR
V444_4,PORT06,PORT09,66.51,67,9.65,3.65,AIR
V444_4,PORT06,PORT09,67.01,67.5,9.69,2.69,AIR
V444_4,PORT06,PORT09,67.51,68,9.72,5.72,AIR
V444_4,PORT06,PORT09,68.01,68.5,9.75,5.75,AIR
V444_4,PORT06,PORT09,68.51,69,9.79,6.79,AIR
V444_4,PORT06,PORT09,69.01,69.5,9.82,6.82,AIR
V444_4,PORT06,PORT09,69.51,70,9.86,5.86,AIR
V444_4,PORT06,PORT09,70.01,70.5,9.89,2.89,AIR
V444_4,PORT06,PORT09,70.51,71,9.92,3.92,AIR
V444_4,PORT06,PORT09,71.01,71.5,9.96,3.96,AIR
V444_4,PORT06,PORT09,71.51,72,9.99,6.99,AIR
V444_4,PORT06,PORT09,72.01,72.5,11.03,4.03,AIR
V444_4,PORT06,PORT09,72.51,73,11.06,3.06,AIR
V444_4,PORT06,PORT09,73.01,73.5,11.09,7.09,AIR
V444_4,PORT06,PORT09,73.51,74,11.13,6.13,AIR
V444_4,PORT06,PORT09,74.01,74.5,11.16,7.16,AIR
V444_4,PORT06,PORT09,74.51,75,11.2,4.2,AIR
V444_4,PORT06,PORT09,75.01,99999.99,11.22,0.1,AIR
V444_8,PORT09,PORT09,500,1999.99,25.58,0.05,AIR
V444_8,PORT09,PORT09,100,249.99,25.58,0.05,AIR
V444_8,PORT09,PORT09,0,99.99,25.58,0.05,AIR
V444_8,PORT09,PORT09,2000,99999.99,25.58,0.05,AIR
V444_8,PORT09,PORT09,250,499.99,25.58,0.05,AIR
V444_8,PORT11,PORT09,100,249.99,17.48,0.18,AIR
V444_8,PORT11,PORT09,500,1999.99,17.48,0.18,AIR
V444_8,PORT11,PORT09,250,499.99,17.48,0.18,AIR
V444_8,PORT11,PORT09,0,99.99,17.48,0.18,AIR
V444_8,PORT11,PORT09,2000,99999.99,17.48,0.18,AIR
V444_0,PORT04,PORT09,500,1999.99,3.46,0.05,AIR
V444_0,PORT04,PORT09,0,99.99,3.46,0.08,AIR
V444_0,PORT04,PORT09,250,499.99,3.46,0.05,AIR
V444_0,PORT04,PORT09,2000,99999.99,3.46,0.05,AIR
V444_0,PORT04,PORT09,100,249.99,3.46,0.06,AIR
V444_0,PORT04,PORT09,2000,99999.99,1.5,0.04,AIR
V444_0,PORT04,PORT09,100,249.99,1.5,0.04,AIR
V444_0,PORT04,PORT09,250,499.99,1.5,0.04,AIR
V444_0,PORT04,PORT09,500,1999.99,1.5,0.04,AIR
V444_0,PORT04,PORT09,0,99.99,1.5,0.05,AIR
V444_8,PORT04,PORT09,2000,99999.99,29.88,0.16,AIR
V444_8,PORT04,PORT09,100,249.99,29.88,0.16,AIR
V444_8,PORT04,PORT09,0,99.99,29.88,0.16,AIR
V444_8,PORT04,PORT09,250,499.99,29.88,0.16,AIR
V444_8,PORT04,PORT09,500,1999.99,29.88,0.16,AIR
V444_1,PORT04,PORT09,0.01,0.5,1.2,0.2,AIR
V444_1,PORT04,PORT09,0.51,1,1.26,0.26,AIR
V444_1,PORT04,PORT09,1.01,1.5,1.32,0.32,AIR
V444_1,PORT04,PORT09,1.51,2,1.38,0.38,AIR
V444_1,PORT04,PORT09,2.01,2.5,1.44,0.44,AIR
V444_1,PORT04,PORT09,70.51,99.99,9.09,0.08,AIR
V444_1,PORT04,PORT09,100,299.99,11.63,0.08,AIR
V444_1,PORT04,PORT09,300,499.99,33.23,0.08,AIR
V444_1,PORT04,PORT09,500,999.99,53.43,0.08,AIR
V444_1,PORT04,PORT09,1000,9999.99,101.83,0.08,AIR
V444_1,PORT04,PORT09,0.01,0.5,1.43,0.43,AIR
V444_1,PORT04,PORT09,0.51,1,1.44,0.44,AIR
V444_1,PORT04,PORT09,1.01,1.5,1.48,0.48,AIR
V444_1,PORT04,PORT09,1.51,2,1.53,0.53,AIR
V444_1,PORT04,PORT09,2.01,2.5,1.57,0.57,AIR
V444_1,PORT04,PORT09,70.51,99.99,7.8,0.08,AIR
V444_1,PORT04,PORT09,100,299.99,11.23,0.08,AIR
V444_1,PORT04,PORT09,300,499.99,31.27,0.08,AIR
V444_1,PORT04,PORT09,500,999.99,49.43,0.08,AIR
V444_1,PORT04,PORT09,1000,9999.99,95.23,0.07,AIR
V444_8,PORT02,PORT09,100,249.99,25.33,0.11,AIR
V444_8,PORT02,PORT09,2000,99999.99,25.33,0.11,AIR
V444_8,PORT02,PORT09,500,1999.99,25.33,0.11,AIR
V444_8,PORT02,PORT09,250,499.99,25.33,0.11,AIR
V444_8,PORT02,PORT09,0,99.99,25.33,0.11,AIR
V444_5,PORT02,PORT09,0,99.99,7.19,0.09,AIR
V444_5,PORT02,PORT09,100,249.99,7.19,0.07,AIR
V444_5,PORT02,PORT09,250,499.99,7.19,0.07,AIR
V444_5,PORT02,PORT09,2000,99999.99,7.19,0.07,AIR
V444_5,PORT02,PORT09,500,1999.99,7.19,0.07,AIR
V444_5,PORT02,PORT09,2000,99999.99,5.39,0.06,AIR
V444_5,PORT02,PORT09,0,99.99,5.39,0.07,AIR
V444_5,PORT02,PORT09,100,249.99,5.39,0.06,AIR
V444_5,PORT02,PORT09,500,1999.99,5.03,0.06,AIR
V444_5,PORT02,PORT09,2000,99999.99,5.03,0.06,AIR
V444_5,PORT02,PORT09,0,99.99,1.79,0.07,AIR
V444_5,PORT02,PORT09,250,499.99,5.39,0.06,AIR
V444_5,PORT02,PORT09,250,499.99,5.03,0.06,AIR
V444_5,PORT02,PORT09,500,1999.99,1.79,0.06,AIR
V444_5,PORT02,PORT09,100,249.99,1.79,0.06,AIR
V444_5,PORT02,PORT09,250,499.99,1.79,0.06,AIR
V444_5,PORT02,PORT09,100,249.99,5.03,0.06,AIR
V444_5,PORT02,PORT09,2000,99999.99,1.79,0.06,AIR
V444_5,PORT02,PORT09,500,1999.99,5.39,0.06,AIR
V444_5,PORT02,PORT09,0,99.99,5.03,0.08,AIR
V444_5,PORT05,PORT09,0,99.99,11.61,0.16,AIR
V444_5,PORT05,PORT09,100,249.99,11.61,0.11,AIR
V444_5,PORT05,PORT09,2000,99999.99,11.61,0.09,AIR
V444_5,PORT05,PORT09,500,1999.99,11.61,0.1,AIR
V444_5,PORT05,PORT09,250,499.99,11.61,0.1,AIR
V444_5,PORT05,PORT09,500,1999.99,7.01,0.08,AIR
V444_5,PORT05,PORT09,0,99.99,7.01,0.14,AIR
V444_5,PORT05,PORT09,250,499.99,7.01,0.08,AIR
V444_5,PORT05,PORT09,2000,99999.99,7.01,0.07,AIR
V444_5,PORT05,PORT09,100,249.99,7.01,0.09,AIR
V444_1,PORT05,PORT09,0.01,0.5,1.74,0.74,AIR
V444_1,PORT05,PORT09,0.51,1,1.83,0.83,AIR
V444_1,PORT05,PORT09,1.01,1.5,1.9,0.9,AIR
V444_1,PORT05,PORT09,1.51,2,1.98,0.98,AIR
V444_1,PORT05,PORT09,2.01,2.5,3.06,1.06,AIR
V444_1,PORT05,PORT09,20.51,44.99,7.08,0.17,AIR
V444_1,PORT05,PORT09,45,70.99,11.59,0.15,AIR
V444_1,PORT05,PORT09,71,99.99,17.13,0.14,AIR
V444_1,PORT05,PORT09,100,299.99,21.57,0.13,AIR
V444_1,PORT05,PORT09,300,499.99,63.67,0.13,AIR
V444_1,PORT05,PORT09,500,999.99,105.76,0.13,AIR
V444_1,PORT05,PORT09,1000,9999.99,211.5,0.13,AIR
V444_1,PORT05,PORT09,0.01,0.5,1.73,0.73,AIR
V444_1,PORT05,PORT09,0.51,1,1.82,0.82,AIR
V444_1,PORT05,PORT09,1.01,1.5,1.91,0.91,AIR
V444_1,PORT05,PORT09,1.51,2,3,1,AIR
V444_1,PORT05,PORT09,2.01,2.5,3.09,1.09,AIR
V444_1,PORT05,PORT09,20.51,44.99,5.83,0.16,AIR
V444_1,PORT05,PORT09,45,70.99,11.14,0.14,AIR
V444_1,PORT05,PORT09,71,99.99,15.49,0.13,AIR
V444_1,PORT05,PORT09,100,299.99,19.71,0.12,AIR
V444_1,PORT05,PORT09,300,499.99,59.07,0.12,AIR
V444_1,PORT05,PORT09,500,999.99,97.44,0.12,AIR
V444_1,PORT05,PORT09,1000,9999.99,193.85,0.12,AIR
V444_7,PORT03,PORT09,0,5000,425.03,128.03,GROUND
V444_8,PORT03,PORT09,250,499.99,27.56,0.35,AIR
V444_8,PORT03,PORT09,2000,99999.99,27.56,0.27,AIR
V444_8,PORT03,PORT09,0,99.99,27.56,0.35,AIR
V444_8,PORT03,PORT09,100,249.99,27.56,0.35,AIR
V444_8,PORT03,PORT09,500,1999.99,27.56,0.27,AIR
V444_5,PORT06,PORT09,2000,99999.99,25.47,0.29,AIR
V444_5,PORT06,PORT09,100,249.99,25.47,0.29,AIR
V444_5,PORT06,PORT09,250,499.99,25.47,0.29,AIR
V444_5,PORT06,PORT09,500,1999.99,25.47,0.29,AIR
V444_5,PORT06,PORT09,0,99.99,25.47,0.31,AIR
V444_5,PORT06,PORT09,2000,99999.99,19.67,0.28,AIR
V444_5,PORT06,PORT09,250,499.99,19.67,0.28,AIR
V444_5,PORT06,PORT09,500,1999.99,19.67,0.28,AIR
V444_5,PORT06,PORT09,0,99.99,19.67,0.3,AIR
V444_5,PORT06,PORT09,100,249.99,19.67,0.28,AIR
V444_5,PORT09,PORT09,0,5000,31.28,21.28,GROUND
V444_4,PORT04,PORT09,0,0.5,1.4,0.4,AIR
V444_4,PORT04,PORT09,0.51,1,1.44,0.44,AIR
V444_4,PORT04,PORT09,1.01,1.5,1.49,0.49,AIR
V444_4,PORT04,PORT09,1.51,2,1.54,0.54,AIR
V444_4,PORT04,PORT09,2.01,2.5,1.59,0.59,AIR
V444_4,PORT04,PORT09,2.51,3,1.64,0.64,AIR
V444_4,PORT04,PORT09,3.01,3.5,1.69,0.69,AIR
V444_4,PORT04,PORT09,3.51,4,1.74,0.74,AIR
V444_4,PORT04,PORT09,4.01,4.5,1.78,0.78,AIR
V444_4,PORT04,PORT09,4.51,5,1.83,0.83,AIR
V444_4,PORT04,PORT09,5.01,5.5,1.85,0.85,AIR
V444_4,PORT04,PORT09,5.51,6,1.86,0.86,AIR
V444_4,PORT04,PORT09,6.01,6.5,1.88,0.88,AIR
V444_4,PORT04,PORT09,6.51,7,1.89,0.89,AIR
V444_4,PORT04,PORT09,7.01,7.5,1.91,0.91,AIR
V444_4,PORT04,PORT09,7.51,8,1.93,0.93,AIR
V444_4,PORT04,PORT09,8.01,8.5,1.94,0.94,AIR
V444_4,PORT04,PORT09,8.51,9,1.96,0.96,AIR
V444_4,PORT04,PORT09,9.01,9.5,1.97,0.97,AIR
V444_4,PORT04,PORT09,9.51,10,1.99,0.99,AIR
V444_4,PORT04,PORT09,10.01,10.5,1.99,0.99,AIR
V444_4,PORT04,PORT09,10.51,11,3,1,AIR
V444_4,PORT04,PORT09,11.01,11.5,3.01,1.01,AIR
V444_4,PORT04,PORT09,11.51,12,3.02,1.02,AIR
V444_4,PORT04,PORT09,12.01,12.5,3.02,1.02,AIR
V444_4,PORT04,PORT09,12.51,13,3.03,1.03,AIR
V444_4,PORT04,PORT09,13.01,13.5,3.04,1.04,AIR
V444_4,PORT04,PORT09,13.51,14,3.04,1.04,AIR
V444_4,PORT04,PORT09,14.01,14.5,3.05,1.05,AIR
V444_4,PORT04,PORT09,14.51,15,3.06,1.06,AIR
V444_4,PORT04,PORT09,15.01,15.5,3.07,1.07,AIR
V444_4,PORT04,PORT09,15.51,16,3.08,1.08,AIR
V444_4,PORT04,PORT09,16.01,16.5,3.1,1.1,AIR
V444_4,PORT04,PORT09,16.51,17,3.11,1.11,AIR
V444_4,PORT04,PORT09,17.01,17.5,3.13,1.13,AIR
V444_4,PORT04,PORT09,17.51,18,3.14,1.14,AIR
V444_4,PORT04,PORT09,18.01,18.5,3.15,1.15,AIR
V444_4,PORT04,PORT09,18.51,19,3.17,1.17,AIR
V444_4,PORT04,PORT09,19.01,19.5,3.18,1.18,AIR
V444_4,PORT04,PORT09,19.51,20,3.2,1.2,AIR
V444_4,PORT04,PORT09,20.01,20.5,3.21,1.21,AIR
V444_4,PORT04,PORT09,20.51,21,3.22,1.22,AIR
V444_4,PORT04,PORT09,21.01,21.5,3.24,1.24,AIR
V444_4,PORT04,PORT09,21.51,22,3.25,1.25,AIR
V444_4,PORT04,PORT09,22.01,22.5,3.27,1.27,AIR
V444_4,PORT04,PORT09,22.51,23,3.28,1.28,AIR
V444_4,PORT04,PORT09,23.01,23.5,3.29,1.29,AIR
V444_4,PORT04,PORT09,23.51,24,3.31,1.31,AIR
V444_4,PORT04,PORT09,24.01,24.5,3.32,1.32,AIR
V444_4,PORT04,PORT09,24.51,25,3.34,1.34,AIR
V444_4,PORT04,PORT09,25.01,25.5,3.38,1.38,AIR
V444_4,PORT04,PORT09,25.51,26,3.43,1.43,AIR
V444_4,PORT04,PORT09,26.01,26.5,3.48,1.48,AIR
V444_4,PORT04,PORT09,26.51,27,3.53,1.53,AIR
V444_4,PORT04,PORT09,27.01,27.5,3.58,1.58,AIR
V444_4,PORT04,PORT09,27.51,28,3.63,1.63,AIR
V444_4,PORT04,PORT09,28.01,28.5,3.68,1.68,AIR
V444_4,PORT04,PORT09,28.51,29,3.73,1.73,AIR
V444_4,PORT04,PORT09,29.01,29.5,3.78,1.78,AIR
V444_4,PORT04,PORT09,29.51,30,3.82,1.82,AIR
V444_4,PORT04,PORT09,30.01,30.5,3.87,1.87,AIR
V444_4,PORT04,PORT09,30.51,31,3.92,1.92,AIR
V444_4,PORT04,PORT09,31.01,31.5,3.97,1.97,AIR
V444_4,PORT04,PORT09,31.51,32,5.02,1.02,AIR
V444_4,PORT04,PORT09,32.01,32.5,5.07,3.07,AIR
V444_4,PORT04,PORT09,32.51,33,5.12,2.12,AIR
V444_4,PORT04,PORT09,33.01,33.5,5.17,3.17,AIR
V444_4,PORT04,PORT09,33.51,34,5.21,3.21,AIR
V444_4,PORT04,PORT09,34.01,34.5,5.26,2.26,AIR
V444_4,PORT04,PORT09,34.51,35,5.31,1.31,AIR
V444_4,PORT04,PORT09,35.01,35.5,5.36,3.36,AIR
V444_4,PORT04,PORT09,35.51,36,5.41,1.41,AIR
V444_4,PORT04,PORT09,36.01,36.5,5.46,2.46,AIR
V444_4,PORT04,PORT09,36.51,37,5.51,1.51,AIR
V444_4,PORT04,PORT09,37.01,37.5,5.56,2.56,AIR
V444_4,PORT04,PORT09,37.51,38,5.6,3.6,AIR
V444_4,PORT04,PORT09,38.01,38.5,5.65,1.65,AIR
V444_4,PORT04,PORT09,38.51,39,5.7,2.7,AIR
V444_4,PORT04,PORT09,39.01,39.5,5.75,2.75,AIR
V444_4,PORT04,PORT09,39.51,40,5.8,3.8,AIR
V444_4,PORT04,PORT09,40.01,40.5,5.85,3.85,AIR
V444_4,PORT04,PORT09,40.51,41,5.9,1.9,AIR
V444_4,PORT04,PORT09,41.01,41.5,5.95,1.95,AIR
V444_4,PORT04,PORT09,41.51,42,6,2,AIR
V444_4,PORT04,PORT09,42.01,42.5,7.04,4.04,AIR
V444_4,PORT04,PORT09,42.51,43,7.09,2.09,AIR
V444_4,PORT04,PORT09,43.01,43.5,7.14,3.14,AIR
V444_4,PORT04,PORT09,43.51,44,7.19,4.19,AIR
V444_4,PORT04,PORT09,44.01,44.5,7.24,4.24,AIR
V444_4,PORT04,PORT09,44.51,45,7.29,2.29,AIR
V444_4,PORT04,PORT09,45.01,45.5,7.33,3.33,AIR
V444_4,PORT04,PORT09,45.51,46,7.37,3.37,AIR
V444_4,PORT04,PORT09,46.01,46.5,7.41,4.41,AIR
V444_4,PORT04,PORT09,46.51,47,7.45,3.45,AIR
V444_4,PORT04,PORT09,47.01,47.5,7.49,4.49,AIR
V444_4,PORT04,PORT09,47.51,48,7.53,4.53,AIR
V444_4,PORT04,PORT09,48.01,48.5,7.57,2.57,AIR
V444_4,PORT04,PORT09,48.51,49,7.6,3.6,AIR
V444_4,PORT04,PORT09,49.01,49.5,7.64,2.64,AIR
V444_4,PORT04,PORT09,49.51,50,7.68,4.68,AIR
V444_4,PORT04,PORT09,50.01,50.5,7.72,4.72,AIR
V444_4,PORT04,PORT09,50.51,51,7.76,3.76,AIR
V444_4,PORT04,PORT09,51.01,51.5,7.8,4.8,AIR
V444_4,PORT04,PORT09,51.51,52,7.84,4.84,AIR
V444_4,PORT04,PORT09,52.01,52.5,7.88,4.88,AIR
V444_4,PORT04,PORT09,52.51,53,7.92,2.92,AIR
V444_4,PORT04,PORT09,53.01,53.5,7.96,4.96,AIR
V444_4,PORT04,PORT09,53.51,54,9,5,AIR
V444_4,PORT04,PORT09,54.01,54.5,9.04,3.04,AIR
V444_4,PORT04,PORT09,54.51,55,9.08,6.08,AIR
V444_4,PORT04,PORT09,55.01,55.5,9.12,5.12,AIR
V444_4,PORT04,PORT09,55.51,56,9.16,2.16,AIR
V444_4,PORT04,PORT09,56.01,56.5,9.2,6.2,AIR
V444_4,PORT04,PORT09,56.51,57,9.24,6.24,AIR
V444_4,PORT04,PORT09,57.01,57.5,9.28,6.28,AIR
V444_4,PORT04,PORT09,57.51,58,9.32,3.32,AIR
V444_4,PORT04,PORT09,58.01,58.5,9.36,4.36,AIR
V444_4,PORT04,PORT09,58.51,59,9.4,5.4,AIR
V444_4,PORT04,PORT09,59.01,59.5,9.44,5.44,AIR
V444_4,PORT04,PORT09,59.51,60,9.48,5.48,AIR
V444_4,PORT04,PORT09,60.01,60.5,9.52,6.52,AIR
V444_4,PORT04,PORT09,60.51,61,9.56,6.56,AIR
V444_4,PORT04,PORT09,61.01,61.5,9.59,6.59,AIR
V444_4,PORT04,PORT09,61.51,62,9.63,5.63,AIR
V444_4,PORT04,PORT09,62.01,62.5,9.67,5.67,AIR
V444_4,PORT04,PORT09,62.51,63,9.71,4.71,AIR
V444_4,PORT04,PORT09,63.01,63.5,9.75,3.75,AIR
V444_4,PORT04,PORT09,63.51,64,9.79,4.79,AIR
V444_4,PORT04,PORT09,64.01,64.5,9.83,2.83,AIR
V444_4,PORT04,PORT09,64.51,65,9.87,3.87,AIR
V444_4,PORT04,PORT09,65.01,65.5,9.91,5.91,AIR
V444_4,PORT04,PORT09,65.51,66,9.95,2.95,AIR
V444_4,PORT04,PORT09,66.01,66.5,9.99,2.99,AIR
V444_4,PORT04,PORT09,66.51,67,11.03,4.03,AIR
V444_4,PORT04,PORT09,67.01,67.5,11.07,6.07,AIR
V444_4,PORT04,PORT09,67.51,68,11.11,6.11,AIR
V444_4,PORT04,PORT09,68.01,68.5,11.15,7.15,AIR
V444_4,PORT04,PORT09,68.51,69,11.19,5.19,AIR
V444_4,PORT04,PORT09,69.01,69.5,11.23,7.23,AIR
V444_4,PORT04,PORT09,69.51,70,11.27,4.27,AIR
V444_4,PORT04,PORT09,70.01,70.5,11.31,6.31,AIR
V444_4,PORT04,PORT09,70.51,71,11.35,4.35,AIR
V444_4,PORT04,PORT09,71.01,71.5,11.39,3.39,AIR
V444_4,PORT04,PORT09,71.51,72,11.43,4.43,AIR
V444_4,PORT04,PORT09,72.01,72.5,11.47,4.47,AIR
V444_4,PORT04,PORT09,72.51,73,11.51,7.51,AIR
V444_4,PORT04,PORT09,73.01,73.5,11.55,4.55,AIR
V444_4,PORT04,PORT09,73.51,74,11.58,6.58,AIR
V444_4,PORT04,PORT09,74.01,74.5,11.62,7.62,AIR
V444_4,PORT04,PORT09,74.51,75,11.66,7.66,AIR
V444_4,PORT04,PORT09,75.01,99999.99,11.7,0.1,AIR
V444_1,PORT04,PORT09,0.01,0.5,1.2,0.2,AIR
V444_1,PORT04,PORT09,0.51,1,1.26,0.26,AIR
V444_1,PORT04,PORT09,1.01,1.5,1.32,0.32,AIR
V444_1,PORT04,PORT09,1.51,2,1.38,0.38,AIR
V444_1,PORT04,PORT09,2.01,2.5,1.44,0.44,AIR
V444_1,PORT04,PORT09,70.51,99.99,9.09,0.08,AIR
V444_1,PORT04,PORT09,100,299.99,11.63,0.08,AIR
V444_1,PORT04,PORT09,300,499.99,33.23,0.08,AIR
V444_1,PORT04,PORT09,500,999.99,53.43,0.08,AIR
V444_1,PORT04,PORT09,1000,9999.99,101.83,0.08,AIR
V444_1,PORT04,PORT09,0.01,0.5,1.43,0.43,AIR
V444_1,PORT04,PORT09,0.51,1,1.44,0.44,AIR
V444_1,PORT04,PORT09,1.01,1.5,1.48,0.48,AIR
V444_1,PORT04,PORT09,1.51,2,1.53,0.53,AIR
V444_1,PORT04,PORT09,2.01,2.5,1.57,0.57,AIR
V444_1,PORT04,PORT09,70.51,99.99,7.8,0.08,AIR
V444_1,PORT04,PORT09,100,299.99,11.23,0.08,AIR
V444_1,PORT04,PORT09,300,499.99,31.27,0.08,AIR
V444_1,PORT04,PORT09,500,999.99,49.43,0.08,AIR
V444_1,PORT04,PORT09,1000,9999.99,95.23,0.07,AIR
V444_1,PORT02,PORT09,300,499.99,33.47,0.08,AIR
V444_1,PORT02,PORT09,500,999.99,55.43,0.08,AIR
V444_1,PORT02,PORT09,1000,9999.99,109.83,0.08,AIR
V444_1,PORT02,PORT09,300,499.99,35.67,0.09,AIR
V444_1,PORT02,PORT09,500,999.99,59.43,0.09,AIR
V444_1,PORT02,PORT09,1000,9999.99,117.83,0.09,AIR
V444_1,PORT02,PORT09,100,299.99,11.99,0.09,AIR
V444_1,PORT02,PORT09,70.51,99.99,9.43,0.09,AIR
V444_1,PORT02,PORT09,100,299.99,13.39,0.09,AIR
V444_1,PORT02,PORT09,70.51,99.99,9.74,0.09,AIR
V444_1,PORT02,PORT09,0.01,0.5,1.43,0.43,AIR
V444_1,PORT02,PORT09,0.51,1,1.43,0.43,AIR
V444_1,PORT02,PORT09,0.01,0.5,1.45,0.45,AIR
V444_1,PORT02,PORT09,0.51,1,1.45,0.45,AIR
V444_1,PORT02,PORT09,1.01,1.5,1.45,0.45,AIR
V444_1,PORT02,PORT09,1.51,2,1.45,0.45,AIR
V444_1,PORT02,PORT09,2.01,2.5,1.45,0.45,AIR
V444_1,PORT02,PORT09,1.01,1.5,1.52,0.52,AIR
V444_1,PORT02,PORT09,1.51,2,1.61,0.61,AIR
V444_1,PORT02,PORT09,2.01,2.5,1.71,0.71,AIR
V444_4,PORT02,PORT09,75.01,99999.99,11.22,0.1,AIR
V444_4,PORT02,PORT09,0,0.5,1.44,0.44,AIR
V444_4,PORT02,PORT09,0.51,1,1.48,0.48,AIR
V444_4,PORT02,PORT09,1.01,1.5,1.51,0.51,AIR
V444_4,PORT02,PORT09,1.51,2,1.55,0.55,AIR
V444_4,PORT02,PORT09,2.01,2.5,1.59,0.59,AIR
V444_4,PORT02,PORT09,2.51,3,1.62,0.62,AIR
V444_4,PORT02,PORT09,3.01,3.5,1.65,0.65,AIR
V444_4,PORT02,PORT09,3.51,4,1.69,0.69,AIR
V444_4,PORT02,PORT09,4.01,4.5,1.72,0.72,AIR
V444_4,PORT02,PORT09,4.51,5,1.76,0.76,AIR
V444_4,PORT02,PORT09,5.01,5.5,1.79,0.79,AIR
V444_4,PORT02,PORT09,5.51,6,1.82,0.82,AIR
V444_4,PORT02,PORT09,6.01,6.5,1.85,0.85,AIR
V444_4,PORT02,PORT09,6.51,7,1.88,0.88,AIR
V444_4,PORT02,PORT09,7.01,7.5,1.91,0.91,AIR
V444_4,PORT02,PORT09,7.51,8,1.94,0.94,AIR
V444_4,PORT02,PORT09,8.01,8.5,1.97,0.97,AIR
V444_4,PORT02,PORT09,8.51,9,2,1,AIR
V444_4,PORT02,PORT09,25.51,26,5.02,1.02,AIR
V444_4,PORT02,PORT09,9.01,9.5,3.03,1.03,AIR
V444_4,PORT02,PORT09,9.51,10,3.06,1.06,AIR
V444_4,PORT02,PORT09,10.01,10.5,3.09,1.09,AIR
V444_4,PORT02,PORT09,10.51,11,3.12,1.12,AIR
V444_4,PORT02,PORT09,27.51,28,5.14,2.14,AIR
V444_4,PORT02,PORT09,11.01,11.5,3.15,1.15,AIR
V444_4,PORT02,PORT09,11.51,12,3.18,1.18,AIR
V444_4,PORT02,PORT09,28.51,29,5.2,3.2,AIR
V444_4,PORT02,PORT09,12.01,12.5,3.21,1.21,AIR
V444_4,PORT02,PORT09,12.51,13,3.24,1.24,AIR
V444_4,PORT02,PORT09,13.01,13.5,3.27,1.27,AIR
V444_4,PORT02,PORT09,30.01,30.5,5.29,3.29,AIR
V444_4,PORT02,PORT09,13.51,14,3.3,1.3,AIR
V444_4,PORT02,PORT09,30.51,31,5.32,1.32,AIR
V444_4,PORT02,PORT09,14.01,14.5,3.33,1.33,AIR
V444_4,PORT02,PORT09,31.01,31.5,5.35,1.35,AIR
V444_4,PORT02,PORT09,14.51,15,3.36,1.36,AIR
V444_4,PORT02,PORT09,15.01,15.5,3.39,1.39,AIR
V444_4,PORT02,PORT09,15.51,16,3.42,1.42,AIR
V444_4,PORT02,PORT09,32.51,33,5.44,1.44,AIR
V444_4,PORT02,PORT09,16.01,16.5,3.45,1.45,AIR
V444_4,PORT02,PORT09,33.01,33.5,5.47,3.47,AIR
V444_4,PORT02,PORT09,16.51,17,3.48,1.48,AIR
V444_4,PORT02,PORT09,17.01,17.5,3.51,1.51,AIR
V444_4,PORT02,PORT09,17.51,18,3.54,1.54,AIR
V444_4,PORT02,PORT09,34.51,35,5.56,3.56,AIR
V444_4,PORT02,PORT09,18.01,18.5,3.57,1.57,AIR
V444_4,PORT02,PORT09,18.51,19,3.6,1.6,AIR
V444_4,PORT02,PORT09,35.51,36,5.62,2.62,AIR
V444_4,PORT02,PORT09,19.01,19.5,3.63,1.63,AIR
V444_4,PORT02,PORT09,19.51,20,3.66,1.66,AIR
V444_4,PORT02,PORT09,36.51,37,5.68,1.68,AIR
V444_4,PORT02,PORT09,20.01,20.5,3.69,1.69,AIR
V444_4,PORT02,PORT09,20.51,21,3.72,1.72,AIR
V444_4,PORT02,PORT09,37.51,38,5.74,3.74,AIR
V444_4,PORT02,PORT09,21.01,21.5,3.75,1.75,AIR
V444_4,PORT02,PORT09,21.51,22,3.78,1.78,AIR
V444_4,PORT02,PORT09,22.01,22.5,3.81,1.81,AIR
V444_4,PORT02,PORT09,22.51,23,3.84,1.84,AIR
V444_4,PORT02,PORT09,23.01,23.5,3.87,1.87,AIR
V444_4,PORT02,PORT09,23.51,24,3.9,1.9,AIR
V444_4,PORT02,PORT09,24.01,24.5,3.93,1.93,AIR
V444_4,PORT02,PORT09,24.51,25,3.96,1.96,AIR
V444_4,PORT02,PORT09,41.51,42,5.98,1.98,AIR
V444_4,PORT02,PORT09,25.01,25.5,3.99,1.99,AIR
V444_4,PORT02,PORT09,43.51,44,7.1,2.1,AIR
V444_4,PORT02,PORT09,27.01,27.5,5.11,3.11,AIR
V444_4,PORT02,PORT09,59.51,60,9.18,5.18,AIR
V444_4,PORT02,PORT09,29.01,29.5,5.23,3.23,AIR
V444_4,PORT02,PORT09,31.51,32,5.38,2.38,AIR
V444_4,PORT02,PORT09,48.01,48.5,7.39,2.39,AIR
V444_4,PORT02,PORT09,32.01,32.5,5.41,1.41,AIR
V444_4,PORT02,PORT09,33.51,34,5.5,2.5,AIR
V444_4,PORT02,PORT09,64.51,65,9.52,2.52,AIR
V444_4,PORT02,PORT09,35.01,35.5,5.59,3.59,AIR
V444_4,PORT02,PORT09,51.01,51.5,7.6,3.6,AIR
V444_4,PORT02,PORT09,66.01,66.5,9.62,2.62,AIR
V444_4,PORT02,PORT09,36.01,36.5,5.65,3.65,AIR
V444_4,PORT02,PORT09,52.01,52.5,7.67,2.67,AIR
V444_4,PORT02,PORT09,37.01,37.5,5.71,2.71,AIR
V444_4,PORT02,PORT09,38.01,38.5,5.77,1.77,AIR
V444_4,PORT02,PORT09,38.51,39,5.8,1.8,AIR
V444_4,PORT02,PORT09,39.01,39.5,5.83,3.83,AIR
V444_4,PORT02,PORT09,40.01,40.5,5.89,2.89,AIR
V444_4,PORT02,PORT09,70.01,70.5,9.89,4.89,AIR
V444_4,PORT02,PORT09,71.01,71.5,9.96,5.96,AIR
V444_4,PORT02,PORT09,42.01,42.5,7.01,3.01,AIR
V444_4,PORT02,PORT09,42.51,43,7.04,3.04,AIR
V444_4,PORT02,PORT09,57.51,58,9.04,3.04,AIR
V444_4,PORT02,PORT09,26.01,26.5,5.05,3.05,AIR
V444_4,PORT02,PORT09,26.51,27,5.08,3.08,AIR
V444_4,PORT02,PORT09,59.01,59.5,9.14,6.14,AIR
V444_4,PORT02,PORT09,44.51,45,7.16,4.16,AIR
V444_4,PORT02,PORT09,28.01,28.5,5.17,2.17,AIR
V444_4,PORT02,PORT09,29.51,30,5.26,2.26,AIR
V444_4,PORT02,PORT09,61.01,61.5,9.28,6.28,AIR
V444_4,PORT02,PORT09,46.51,47,7.29,3.29,AIR
V444_4,PORT02,PORT09,61.51,62,9.31,4.31,AIR
V444_4,PORT02,PORT09,47.01,47.5,7.33,4.33,AIR
V444_4,PORT02,PORT09,47.51,48,7.36,2.36,AIR
V444_4,PORT02,PORT09,49.01,49.5,7.46,3.46,AIR
V444_4,PORT02,PORT09,34.01,34.5,5.53,1.53,AIR
V444_4,PORT02,PORT09,50.01,50.5,7.53,2.53,AIR
V444_4,PORT02,PORT09,51.51,52,7.63,4.63,AIR
V444_4,PORT02,PORT09,53.51,54,7.77,3.77,AIR
V444_4,PORT02,PORT09,68.51,69,9.79,2.79,AIR
V444_4,PORT02,PORT09,54.01,54.5,7.8,4.8,AIR
V444_4,PORT02,PORT09,69.01,69.5,9.82,5.82,AIR
V444_4,PORT02,PORT09,39.51,40,5.86,2.86,AIR
V444_4,PORT02,PORT09,55.01,55.5,7.87,3.87,AIR
V444_4,PORT02,PORT09,55.51,56,7.9,2.9,AIR
V444_4,PORT02,PORT09,40.51,41,5.92,1.92,AIR
V444_4,PORT02,PORT09,56.01,56.5,7.94,3.94,AIR
V444_4,PORT02,PORT09,41.01,41.5,5.95,2.95,AIR
V444_4,PORT02,PORT09,56.51,57,7.97,4.97,AIR
V444_4,PORT02,PORT09,71.51,72,9.99,2.99,AIR
V444_4,PORT02,PORT09,57.01,57.5,9.01,5.01,AIR
V444_4,PORT02,PORT09,72.01,72.5,11.03,6.03,AIR
V444_4,PORT02,PORT09,72.51,73,11.06,7.06,AIR
V444_4,PORT02,PORT09,43.01,43.5,7.07,3.07,AIR
V444_4,PORT02,PORT09,44.01,44.5,7.13,4.13,AIR
V444_4,PORT02,PORT09,74.01,74.5,11.16,6.16,AIR
V444_4,PORT02,PORT09,45.01,45.5,7.19,4.19,AIR
V444_4,PORT02,PORT09,60.01,60.5,9.21,6.21,AIR
V444_4,PORT02,PORT09,45.51,46,7.22,4.22,AIR
V444_4,PORT02,PORT09,60.51,61,9.24,4.24,AIR
V444_4,PORT02,PORT09,46.01,46.5,7.26,3.26,AIR
V444_4,PORT02,PORT09,62.51,63,9.38,5.38,AIR
V444_4,PORT02,PORT09,48.51,49,7.43,2.43,AIR
V444_4,PORT02,PORT09,64.01,64.5,9.48,4.48,AIR
V444_4,PORT02,PORT09,49.51,50,7.5,3.5,AIR
V444_4,PORT02,PORT09,65.01,65.5,9.55,5.55,AIR
V444_4,PORT02,PORT09,50.51,51,7.56,3.56,AIR
V444_4,PORT02,PORT09,65.51,66,9.58,3.58,AIR
V444_4,PORT02,PORT09,52.51,53,7.7,4.7,AIR
V444_4,PORT02,PORT09,53.01,53.5,7.73,2.73,AIR
V444_4,PORT02,PORT09,54.51,55,7.84,2.84,AIR
V444_4,PORT02,PORT09,63.01,63.5,9.41,3.41,AIR
V444_4,PORT02,PORT09,63.51,64,9.45,6.45,AIR
V444_4,PORT02,PORT09,66.51,67,9.65,3.65,AIR
V444_4,PORT02,PORT09,67.01,67.5,9.69,3.69,AIR
V444_4,PORT02,PORT09,67.51,68,9.72,3.72,AIR
V444_4,PORT02,PORT09,68.01,68.5,9.75,4.75,AIR
V444_4,PORT02,PORT09,70.51,71,9.92,2.92,AIR
V444_4,PORT02,PORT09,58.01,58.5,9.07,2.07,AIR
V444_4,PORT02,PORT09,58.51,59,9.11,3.11,AIR
V444_4,PORT02,PORT09,73.51,74,11.13,4.13,AIR
V444_4,PORT02,PORT09,62.01,62.5,9.35,4.35,AIR
V444_4,PORT02,PORT09,69.51,70,9.86,6.86,AIR
V444_4,PORT02,PORT09,73.01,73.5,11.09,4.09,AIR
V444_4,PORT02,PORT09,74.51,75,11.2,3.2,AIR
V444_1,PORT05,PORT09,0.01,0.5,1.74,0.74,AIR
V444_1,PORT05,PORT09,0.51,1,1.83,0.83,AIR
V444_1,PORT05,PORT09,1.01,1.5,1.9,0.9,AIR
V444_1,PORT05,PORT09,1.51,2,1.98,0.98,AIR
V444_1,PORT05,PORT09,2.01,2.5,3.06,1.06,AIR
V444_1,PORT05,PORT09,20.51,44.99,7.08,0.17,AIR
V444_1,PORT05,PORT09,45,70.99,11.59,0.15,AIR
V444_1,PORT05,PORT09,71,99.99,17.13,0.14,AIR
V444_1,PORT05,PORT09,100,299.99,21.57,0.13,AIR
V444_1,PORT05,PORT09,300,499.99,63.67,0.13,AIR
V444_1,PORT05,PORT09,500,999.99,105.76,0.13,AIR
V444_1,PORT05,PORT09,1000,9999.99,211.5,0.13,AIR
V444_1,PORT05,PORT09,0.01,0.5,1.73,0.73,AIR
V444_1,PORT05,PORT09,0.51,1,1.82,0.82,AIR
V444_1,PORT05,PORT09,1.01,1.5,1.91,0.91,AIR
V444_1,PORT05,PORT09,1.51,2,3,1,AIR
V444_1,PORT05,PORT09,2.01,2.5,3.09,1.09,AIR
V444_1,PORT05,PORT09,20.51,44.99,5.83,0.16,AIR
V444_1,PORT05,PORT09,45,70.99,11.14,0.14,AIR
V444_1,PORT05,PORT09,71,99.99,15.49,0.13,AIR
V444_1,PORT05,PORT09,100,299.99,19.71,0.12,AIR
V444_1,PORT05,PORT09,300,499.99,59.07,0.12,AIR
V444_1,PORT05,PORT09,500,999.99,97.44,0.12,AIR
V444_1,PORT05,PORT09,1000,9999.99,193.85,0.12,AIR
V444_4,PORT05,PORT09,0,0.5,1.56,0.56,AIR
V444_4,PORT05,PORT09,0.51,1,1.63,0.63,AIR
V444_4,PORT05,PORT09,1.01,1.5,1.7,0.7,AIR
V444_4,PORT05,PORT09,1.51,2,1.77,0.77,AIR
V444_4,PORT05,PORT09,2.01,2.5,1.84,0.84,AIR
V444_4,PORT05,PORT09,2.51,3,1.91,0.91,AIR
V444_4,PORT05,PORT09,3.01,3.5,1.98,0.98,AIR
V444_4,PORT05,PORT09,3.51,4,3.05,1.05,AIR
V444_4,PORT05,PORT09,4.01,4.5,3.12,1.12,AIR
V444_4,PORT05,PORT09,4.51,5,3.19,1.19,AIR
V444_4,PORT05,PORT09,5.01,5.5,3.21,1.21,AIR
V444_4,PORT05,PORT09,5.51,6,3.23,1.23,AIR
V444_4,PORT05,PORT09,6.01,6.5,3.26,1.26,AIR
V444_4,PORT05,PORT09,6.51,7,3.28,1.28,AIR
V444_4,PORT05,PORT09,7.01,7.5,3.3,1.3,AIR
V444_4,PORT05,PORT09,7.51,8,3.32,1.32,AIR
V444_4,PORT05,PORT09,8.01,8.5,3.34,1.34,AIR
V444_4,PORT05,PORT09,8.51,9,3.37,1.37,AIR
V444_4,PORT05,PORT09,9.01,9.5,3.39,1.39,AIR
V444_4,PORT05,PORT09,9.51,10,3.41,1.41,AIR
V444_4,PORT05,PORT09,10.01,10.5,3.42,1.42,AIR
V444_4,PORT05,PORT09,10.51,11,3.43,1.43,AIR
V444_4,PORT05,PORT09,11.01,11.5,3.44,1.44,AIR
V444_4,PORT05,PORT09,11.51,12,3.45,1.45,AIR
V444_4,PORT05,PORT09,12.01,12.5,3.46,1.46,AIR
V444_4,PORT05,PORT09,12.51,13,3.47,1.47,AIR
V444_4,PORT05,PORT09,13.01,13.5,3.48,1.48,AIR
V444_4,PORT05,PORT09,13.51,14,3.49,1.49,AIR
V444_4,PORT05,PORT09,14.01,14.5,3.5,1.5,AIR
V444_4,PORT05,PORT09,14.51,15,3.51,1.51,AIR
V444_4,PORT05,PORT09,15.01,15.5,3.53,1.53,AIR
V444_4,PORT05,PORT09,15.51,16,3.55,1.55,AIR
V444_4,PORT05,PORT09,16.01,16.5,3.57,1.57,AIR
V444_4,PORT05,PORT09,16.51,17,3.59,1.59,AIR
V444_4,PORT05,PORT09,17.01,17.5,3.61,1.61,AIR
V444_4,PORT05,PORT09,17.51,18,3.63,1.63,AIR
V444_4,PORT05,PORT09,18.01,18.5,3.65,1.65,AIR
V444_4,PORT05,PORT09,18.51,19,3.67,1.67,AIR
V444_4,PORT05,PORT09,19.01,19.5,3.69,1.69,AIR
V444_4,PORT05,PORT09,19.51,20,3.71,1.71,AIR
V444_4,PORT05,PORT09,20.01,20.5,3.73,1.73,AIR
V444_4,PORT05,PORT09,20.51,21,3.75,1.75,AIR
V444_4,PORT05,PORT09,21.01,21.5,3.77,1.77,AIR
V444_4,PORT05,PORT09,21.51,22,3.79,1.79,AIR
V444_4,PORT05,PORT09,22.01,22.5,3.81,1.81,AIR
V444_4,PORT05,PORT09,22.51,23,3.83,1.83,AIR
V444_4,PORT05,PORT09,23.01,23.5,3.85,1.85,AIR
V444_4,PORT05,PORT09,23.51,24,3.87,1.87,AIR
V444_4,PORT05,PORT09,24.01,24.5,3.89,1.89,AIR
V444_4,PORT05,PORT09,24.51,25,3.91,1.91,AIR
V444_4,PORT05,PORT09,25.01,25.5,3.98,1.98,AIR
V444_4,PORT05,PORT09,25.51,26,5.05,2.05,AIR
V444_4,PORT05,PORT09,26.01,26.5,5.12,2.12,AIR
V444_4,PORT05,PORT09,26.51,27,5.19,2.19,AIR
V444_4,PORT05,PORT09,27.01,27.5,5.26,3.26,AIR
V444_4,PORT05,PORT09,27.51,28,5.33,2.33,AIR
V444_4,PORT05,PORT09,28.01,28.5,5.4,1.4,AIR
V444_4,PORT05,PORT09,28.51,29,5.47,3.47,AIR
V444_4,PORT05,PORT09,29.01,29.5,5.54,1.54,AIR
V444_4,PORT05,PORT09,29.51,30,5.61,3.61,AIR
V444_4,PORT05,PORT09,30.01,30.5,5.68,2.68,AIR
V444_4,PORT05,PORT09,30.51,31,5.75,1.75,AIR
V444_4,PORT05,PORT09,31.01,31.5,5.82,3.82,AIR
V444_4,PORT05,PORT09,31.51,32,5.89,2.89,AIR
V444_4,PORT05,PORT09,32.01,32.5,5.96,3.96,AIR
V444_4,PORT05,PORT09,32.51,33,7.03,2.03,AIR
V444_4,PORT05,PORT09,33.01,33.5,7.1,2.1,AIR
V444_4,PORT05,PORT09,33.51,34,7.17,3.17,AIR
V444_4,PORT05,PORT09,34.01,34.5,7.24,2.24,AIR
V444_4,PORT05,PORT09,34.51,35,7.31,2.31,AIR
V444_4,PORT05,PORT09,35.01,35.5,7.38,3.38,AIR
V444_4,PORT05,PORT09,35.51,36,7.45,4.45,AIR
V444_4,PORT05,PORT09,36.01,36.5,7.52,2.52,AIR
V444_4,PORT05,PORT09,36.51,37,7.6,4.6,AIR
V444_4,PORT05,PORT09,37.01,37.5,7.67,3.67,AIR
V444_4,PORT05,PORT09,37.51,38,7.74,2.74,AIR
V444_4,PORT05,PORT09,38.01,38.5,7.81,4.81,AIR
V444_4,PORT05,PORT09,38.51,39,7.88,3.88,AIR
V444_4,PORT05,PORT09,39.01,39.5,7.95,2.95,AIR
V444_4,PORT05,PORT09,39.51,40,9.02,5.02,AIR
V444_4,PORT05,PORT09,40.01,40.5,9.09,6.09,AIR
V444_4,PORT05,PORT09,40.51,41,9.16,6.16,AIR
V444_4,PORT05,PORT09,41.01,41.5,9.23,6.23,AIR
V444_4,PORT05,PORT09,41.51,42,9.3,6.3,AIR
V444_4,PORT05,PORT09,42.01,42.5,9.37,4.37,AIR
V444_4,PORT05,PORT09,42.51,43,9.44,5.44,AIR
V444_4,PORT05,PORT09,43.01,43.5,9.51,3.51,AIR
V444_4,PORT05,PORT09,43.51,44,9.58,6.58,AIR
V444_4,PORT05,PORT09,44.01,44.5,9.65,5.65,AIR
V444_4,PORT05,PORT09,44.51,45,9.72,3.72,AIR
V444_4,PORT05,PORT09,45.01,45.5,9.78,3.78,AIR
V444_4,PORT05,PORT09,45.51,46,9.84,2.84,AIR
V444_4,PORT05,PORT09,46.01,46.5,9.89,5.89,AIR
V444_4,PORT05,PORT09,46.51,47,9.95,3.95,AIR
V444_4,PORT05,PORT09,47.01,47.5,11.01,6.01,AIR
V444_4,PORT05,PORT09,47.51,48,11.06,3.06,AIR
V444_4,PORT05,PORT09,48.01,48.5,11.12,3.12,AIR
V444_4,PORT05,PORT09,48.51,49,11.18,4.18,AIR
V444_4,PORT05,PORT09,49.01,49.5,11.23,3.23,AIR
V444_4,PORT05,PORT09,49.51,50,11.29,4.29,AIR
V444_4,PORT05,PORT09,50.01,50.5,11.35,6.35,AIR
V444_4,PORT05,PORT09,50.51,51,11.4,5.4,AIR
V444_4,PORT05,PORT09,51.01,51.5,11.46,6.46,AIR
V444_4,PORT05,PORT09,51.51,52,11.52,6.52,AIR
V444_4,PORT05,PORT09,52.01,52.5,11.57,3.57,AIR
V444_4,PORT05,PORT09,52.51,53,11.63,7.63,AIR
V444_4,PORT05,PORT09,53.01,53.5,11.69,4.69,AIR
V444_4,PORT05,PORT09,53.51,54,11.74,7.74,AIR
V444_4,PORT05,PORT09,54.01,54.5,11.8,3.8,AIR
V444_4,PORT05,PORT09,54.51,55,11.86,3.86,AIR
V444_4,PORT05,PORT09,55.01,55.5,11.91,3.91,AIR
V444_4,PORT05,PORT09,55.51,56,11.97,6.97,AIR
V444_4,PORT05,PORT09,56.01,56.5,13.03,5.03,AIR
V444_4,PORT05,PORT09,56.51,57,13.08,8.08,AIR
V444_4,PORT05,PORT09,57.01,57.5,13.14,6.14,AIR
V444_4,PORT05,PORT09,57.51,58,13.2,8.2,AIR
V444_4,PORT05,PORT09,58.01,58.5,13.26,8.26,AIR
V444_4,PORT05,PORT09,58.51,59,13.31,3.31,AIR
V444_4,PORT05,PORT09,59.01,59.5,13.37,3.37,AIR
V444_4,PORT05,PORT09,59.51,60,13.43,5.43,AIR
V444_4,PORT05,PORT09,60.01,60.5,13.48,3.48,AIR
V444_4,PORT05,PORT09,60.51,61,13.54,3.54,AIR
V444_4,PORT05,PORT09,61.01,61.5,13.6,7.6,AIR
V444_4,PORT05,PORT09,61.51,62,13.65,8.65,AIR
V444_4,PORT05,PORT09,62.01,62.5,13.71,8.71,AIR
V444_4,PORT05,PORT09,62.51,63,13.77,6.77,AIR
V444_4,PORT05,PORT09,63.01,63.5,13.82,4.82,AIR
V444_4,PORT05,PORT09,63.51,64,13.88,7.88,AIR
V444_4,PORT05,PORT09,64.01,64.5,13.94,5.94,AIR
V444_4,PORT05,PORT09,64.51,65,13.99,9.99,AIR
V444_4,PORT05,PORT09,65.01,65.5,15.05,6.05,AIR
V444_4,PORT05,PORT09,65.51,66,15.11,7.11,AIR
V444_4,PORT05,PORT09,66.01,66.5,15.16,9.16,AIR
V444_4,PORT05,PORT09,66.51,67,15.22,10.22,AIR
V444_4,PORT05,PORT09,67.01,67.5,15.28,10.28,AIR
V444_4,PORT05,PORT09,67.51,68,15.33,4.33,AIR
V444_4,PORT05,PORT09,68.01,68.5,15.39,6.39,AIR
V444_4,PORT05,PORT09,68.51,69,15.45,10.45,AIR
V444_4,PORT05,PORT09,69.01,69.5,15.5,9.5,AIR
V444_4,PORT05,PORT09,69.51,70,15.56,10.56,AIR
V444_4,PORT05,PORT09,70.01,70.5,15.62,8.62,AIR
V444_4,PORT05,PORT09,70.51,71,15.68,4.68,AIR
V444_4,PORT05,PORT09,71.01,71.5,15.73,6.73,AIR
V444_4,PORT05,PORT09,71.51,72,15.79,4.79,AIR
V444_4,PORT05,PORT09,72.01,72.5,15.85,10.85,AIR
V444_4,PORT05,PORT09,72.51,73,15.9,9.9,AIR
V444_4,PORT05,PORT09,73.01,73.5,15.96,5.96,AIR
V444_4,PORT05,PORT09,73.51,74,17.02,11.02,AIR
V444_4,PORT05,PORT09,74.01,74.5,17.07,12.07,AIR
V444_4,PORT05,PORT09,74.51,75,17.13,10.13,AIR
V444_4,PORT05,PORT09,75.01,99999.99,17.18,0.14,AIR
V444_5,PORT03,PORT09,0,5000,25.42,6.42,GROUND
V444_5,PORT03,PORT09,0,5000,27.2,15.2,GROUND
V444_5,PORT03,PORT09,0,5000,25.42,11.42,GROUND
V444_5,PORT03,PORT09,0,5000,27.2,10.2,GROUND
V444_5,PORT03,PORT09,0,5000,27.2,9.2,GROUND
V444_5,PORT03,PORT09,0,5000,33.32,16.32,GROUND
V444_5,PORT03,PORT09,0,5000,27.2,9.2,GROUND
V444_5,PORT03,PORT09,0,5000,33.32,20.32,GROUND
V444_5,PORT03,PORT09,0,5000,33.32,13.32,GROUND
V444_5,PORT03,PORT09,0,5000,27.2,18.2,GROUND
V444_5,PORT03,PORT09,0,5000,27.2,16.2,GROUND
V444_5,PORT03,PORT09,0,5000,33.32,17.32,GROUND
V444_0,PORT03,PORT09,0,5000,27.2,16.2,GROUND
V444_0,PORT03,PORT09,0,5000,27.2,9.2,GROUND
V444_0,PORT03,PORT09,0,5000,25.42,16.42,GROUND
V444_0,PORT03,PORT09,0,5000,25.42,15.42,GROUND
V444_0,PORT03,PORT09,0,5000,27.2,13.2,GROUND
V444_0,PORT03,PORT09,0,5000,27.2,13.2,GROUND
V444_0,PORT03,PORT09,0,5000,33.32,8.32,GROUND
V444_0,PORT03,PORT09,0,5000,33.32,17.32,GROUND
V444_0,PORT03,PORT09,0,5000,33.32,12.32,GROUND
V444_0,PORT03,PORT09,0,5000,27.2,7.2,GROUND
V444_0,PORT03,PORT09,0,5000,27.2,13.2,GROUND
V444_0,PORT03,PORT09,0,5000,33.32,10.32,GROUND
V444_5,PORT09,PORT09,0,5000,31.28,20.28,GROUND
V444_0,PORT09,PORT09,0,5000,31.28,12.28,GROUND
V444_8,PORT09,PORT09,500,1999.99,27.3,0.06,AIR
V444_8,PORT09,PORT09,0,99.99,27.3,0.06,AIR
V444_8,PORT09,PORT09,100,249.99,27.3,0.06,AIR
V444_8,PORT09,PORT09,250,499.99,27.3,0.06,AIR
V444_8,PORT09,PORT09,2000,99999.99,27.3,0.06,AIR
V444_0,PORT09,PORT09,0,5000,31.28,13.28,GROUND
V444_8,PORT11,PORT09,100,249.99,27.79,0.2,AIR
V444_8,PORT11,PORT09,2000,99999.99,27.79,0.2,AIR
V444_8,PORT11,PORT09,250,499.99,27.79,0.2,AIR
V444_8,PORT11,PORT09,0,99.99,27.79,0.34,AIR
V444_8,PORT11,PORT09,500,1999.99,27.79,0.2,AIR
V444_8,PORT04,PORT09,0,99.99,31.96,0.18,AIR
V444_8,PORT04,PORT09,2000,99999.99,31.96,0.18,AIR
V444_8,PORT04,PORT09,250,499.99,31.96,0.18,AIR
V444_8,PORT04,PORT09,500,1999.99,31.96,0.18,AIR
V444_8,PORT04,PORT09,100,249.99,31.96,0.18,AIR
V444_8,PORT02,PORT09,500,1999.99,27.04,0.12,AIR
V444_8,PORT02,PORT09,2000,99999.99,27.04,0.12,AIR
V444_8,PORT02,PORT09,100,249.99,27.04,0.12,AIR
V444_8,PORT02,PORT09,250,499.99,27.04,0.12,AIR
V444_8,PORT02,PORT09,0,99.99,27.04,0.12,AIR
V444_8,PORT03,PORT09,0,99.99,29.34,0.41,AIR
V444_8,PORT03,PORT09,500,1999.99,29.34,0.31,AIR
V444_8,PORT03,PORT09,250,499.99,29.34,0.41,AIR
V444_8,PORT03,PORT09,2000,99999.99,29.34,0.31,AIR
V444_8,PORT03,PORT09,100,249.99,29.34,0.41,AIR
